{"level":"info","message":"🚀 Servidor rodando na porta 3002","timestamp":"2026-08-05T20:22:18.386Z"}
{"level":"info","message":"🌍 Ambiente: development","timestamp":"2026-08-05T20:22:18.389Z"}
{"level":"info","message":"🔐 e-Social Ambiente: homologacao","timestamp":"2026-08-05T20:22:18.390Z"}
{"level":"info","message":"SIGINT recebido, encerrando...","timestamp":"2026-08-05T20:23:21.228Z"}
{"level":"info","message":"🚀 Servidor rodando na porta 3002","timestamp":"2026-08-05T20:23:24.547Z"}
{"level":"info","message":"🌍 Ambiente: development","timestamp":"2026-08-05T20:23:24.550Z"}
{"level":"info","message":"🔐 e-Social Ambiente: homologacao","timestamp":"2026-08-05T20:23:24.551Z"}
{"level":"info","message":"GET /api/esocial/empresas - ::1","timestamp":"2026-08-05T20:23:30.536Z"}
{"level":"info","message":"GET /api/esocial/certificados - ::1","timestamp":"2026-08-05T20:23:30.598Z"}
{"level":"info","message":"GET /api/esocial/eventos?limit=200 - ::1","timestamp":"2026-08-05T20:23:30.603Z"}
{"level":"info","message":"GET /api/esocial/eventos/stats - ::1","timestamp":"2026-08-05T20:23:30.608Z"}
{"level":"info","message":"GET / - ::1","timestamp":"2026-08-05T20:23:47.618Z"}
{"level":"info","message":"GET /app.js - ::1","timestamp":"2026-08-05T20:23:47.728Z"}
{"level":"info","message":"GET /esocial.js - ::1","timestamp":"2026-08-05T20:23:47.731Z"}
{"level":"info","message":"GET /favicon.ico - ::1","timestamp":"2026-08-05T20:23:48.064Z"}
{"level":"info","message":"GET /api/esocial/empresas - ::1","timestamp":"2026-08-05T20:24:00.835Z"}
{"level":"info","message":"GET /api/esocial/eventos?limit=200 - ::1","timestamp":"2026-08-05T20:24:00.841Z"}
{"level":"info","message":"GET /api/esocial/eventos/stats - ::1","timestamp":"2026-08-05T20:24:00.848Z"}
{"level":"info","message":"GET /api/esocial/certificados - ::1","timestamp":"2026-08-05T20:24:00.850Z"}
{"level":"info","message":"GET /.well-known/appspecific/com.chrome.devtools.json - ::1","timestamp":"2026-08-05T20:24:02.505Z"}
{"level":"info","message":"SIGINT recebido, encerrando...","timestamp":"2026-08-05T20:25:50.300Z"}
{"level":"info","message":"🚀 Servidor rodando na porta 3002","timestamp":"2026-08-05T20:25:54.112Z"}
{"level":"info","message":"🌍 Ambiente: development","timestamp":"2026-08-05T20:25:54.115Z"}
{"level":"info","message":"🔐 e-Social Ambiente: homologacao","timestamp":"2026-08-05T20:25:54.116Z"}
{"level":"info","message":"GET / - ::1","timestamp":"2026-08-05T20:25:56.994Z"}
{"level":"info","message":"GET /app.js - ::1","timestamp":"2026-08-05T20:25:57.013Z"}
{"level":"info","message":"GET /esocial.js - ::1","timestamp":"2026-08-05T20:25:57.015Z"}
{"level":"info","message":"GET /.well-known/appspecific/com.chrome.devtools.json - ::1","timestamp":"2026-08-05T20:25:57.045Z"}
{"level":"info","message":"GET /api/soc/eventos-salvos? - ::1","timestamp":"2026-08-05T20:26:08.549Z"}
{"level":"info","message":"GET / - ::1","timestamp":"2026-08-05T20:26:56.194Z"}
{"level":"info","message":"GET /app.js - ::1","timestamp":"2026-08-05T20:26:56.214Z"}
{"level":"info","message":"GET /esocial.js - ::1","timestamp":"2026-08-05T20:26:56.215Z"}
{"level":"info","message":"GET /.well-known/appspecific/com.chrome.devtools.json - ::1","timestamp":"2026-08-05T20:26:56.246Z"}
{"level":"info","message":"GET /api/soc/eventos-salvos? - ::1","timestamp":"2026-08-05T20:26:57.534Z"}
{"level":"info","message":"POST /api/soc/buscar-dados-esocial - ::1","timestamp":"2026-08-05T20:27:38.069Z"}
{"level":"info","message":"GET /api/soc/eventos-salvos? - ::1","timestamp":"2026-08-05T20:27:42.442Z"}
{"level":"info","message":"POST /api/soc/buscar-dados-esocial - ::1","timestamp":"2026-08-05T20:28:38.893Z"}
{"level":"info","message":"GET /api/soc/eventos-salvos? - ::1","timestamp":"2026-08-05T20:28:43.197Z"}
{"level":"info","message":"SIGINT recebido, encerrando...","timestamp":"2026-08-05T21:06:18.529Z"}
{"level":"info","message":"🚀 Servidor rodando na porta 3002","timestamp":"2026-08-05T21:06:20.953Z"}
{"level":"info","message":"🌍 Ambiente: development","timestamp":"2026-08-05T21:06:20.963Z"}
{"level":"info","message":"🔐 e-Social Ambiente: homologacao","timestamp":"2026-08-05T21:06:20.964Z"}
{"level":"info","message":"GET /api/soc/eventos-salvos? - ::1","timestamp":"2026-08-05T21:06:39.419Z"}
{"level":"info","message":"POST /api/soc/buscar-dados-esocial - ::1","timestamp":"2026-08-05T21:06:56.715Z"}
{"level":"info","message":"GET /api/soc/eventos-salvos? - ::1","timestamp":"2026-08-05T21:07:00.062Z"}
{"level":"info","message":"POST /api/soc/cancelar-evento/4 - ::1","timestamp":"2026-08-05T21:07:03.906Z"}
{"level":"info","message":"GET /api/soc/eventos-salvos? - ::1","timestamp":"2026-08-05T21:07:04.162Z"}
{"level":"info","message":"GET /api/soc/eventos-salvos? - ::1","timestamp":"2026-08-05T21:07:08.807Z"}
{"level":"info","message":"SIGINT recebido, encerrando...","timestamp":"2026-08-05T21:09:16.467Z"}
{"level":"info","message":"🚀 Servidor rodando na porta 3002","timestamp":"2026-08-05T21:10:27.971Z"}
{"level":"info","message":"🌍 Ambiente: development","timestamp":"2026-08-05T21:10:27.977Z"}
{"level":"info","message":"🔐 e-Social Ambiente: homologacao","timestamp":"2026-08-05T21:10:27.977Z"}
{"level":"info","message":"GET / - ::1","timestamp":"2026-08-05T21:10:31.057Z"}
{"level":"info","message":"GET /app.js - ::1","timestamp":"2026-08-05T21:10:31.082Z"}
{"level":"info","message":"GET /esocial.js - ::1","timestamp":"2026-08-05T21:10:31.084Z"}
{"level":"info","message":"GET /api/soc/eventos-salvos? - ::1","timestamp":"2026-08-05T21:10:32.377Z"}
{"level":"info","message":"GET /.well-known/appspecific/com.chrome.devtools.json - ::1","timestamp":"2026-08-05T21:10:58.384Z"}
{"level":"info","message":"POST /api/soc/buscar-dados-esocial - ::1","timestamp":"2026-08-05T21:11:10.923Z"}
{"level":"info","message":"GET /.well-known/appspecific/com.chrome.devtools.json - ::1","timestamp":"2026-08-05T21:11:21.477Z"}
{"level":"info","message":"GET /api/soc/eventos-salvos? - ::1","timestamp":"2026-08-05T21:11:49.042Z"}
{"level":"info","message":"SIGINT recebido, encerrando...","timestamp":"2026-08-05T21:12:34.847Z"}
{"level":"info","message":"🚀 Servidor rodando na porta 3002","timestamp":"2026-08-05T21:17:00.507Z"}
{"level":"info","message":"🌍 Ambiente: development","timestamp":"2026-08-05T21:17:00.510Z"}
{"level":"info","message":"🔐 e-Social Ambiente: homologacao","timestamp":"2026-08-05T21:17:00.510Z"}
{"level":"info","message":"GET / - ::1","timestamp":"2026-08-05T21:17:03.543Z"}
{"level":"info","message":"GET /app.js - ::1","timestamp":"2026-08-05T21:17:03.567Z"}
{"level":"info","message":"GET /esocial.js - ::1","timestamp":"2026-08-05T21:17:03.571Z"}
{"level":"info","message":"GET /.well-known/appspecific/com.chrome.devtools.json - ::1","timestamp":"2026-08-05T21:17:03.611Z"}
{"level":"info","message":"GET /api/soc/eventos-salvos? - ::1","timestamp":"2026-08-05T21:17:04.701Z"}
{"level":"info","message":"POST /api/soc/buscar-dados-esocial - ::1","timestamp":"2026-08-05T21:17:19.411Z"}
{"level":"info","message":"GET /api/soc/eventos-salvos? - ::1","timestamp":"2026-08-05T21:17:58.314Z"}
{"level":"info","message":"GET / - ::1","timestamp":"2026-08-05T21:18:51.409Z"}
{"level":"info","message":"GET /esocial.js - ::1","timestamp":"2026-08-05T21:18:51.435Z"}
{"level":"info","message":"GET /app.js - ::1","timestamp":"2026-08-05T21:18:51.436Z"}
{"level":"info","message":"GET /.well-known/appspecific/com.chrome.devtools.json - ::1","timestamp":"2026-08-05T21:18:51.464Z"}
{"level":"info","message":"GET /api/soc/eventos-salvos? - ::1","timestamp":"2026-08-05T21:18:52.931Z"}
{"level":"info","message":"SIGINT recebido, encerrando...","timestamp":"2026-08-05T21:20:34.641Z"}
{"level":"info","message":"🚀 Servidor rodando na porta 3002","timestamp":"2026-08-05T21:20:36.602Z"}
{"level":"info","message":"🌍 Ambiente: development","timestamp":"2026-08-05T21:20:36.605Z"}
{"level":"info","message":"🔐 e-Social Ambiente: homologacao","timestamp":"2026-08-05T21:20:36.605Z"}
{"level":"info","message":"GET / - ::1","timestamp":"2026-08-05T21:20:48.222Z"}
{"level":"info","message":"GET /esocial.js - ::1","timestamp":"2026-08-05T21:20:48.242Z"}
{"level":"info","message":"GET /app.js - ::1","timestamp":"2026-08-05T21:20:48.244Z"}
{"level":"info","message":"GET /api/soc/eventos-salvos? - ::1","timestamp":"2026-08-05T21:20:49.395Z"}
{"level":"info","message":"POST /api/soc/buscar-dados-esocial - ::1","timestamp":"2026-08-05T21:21:00.116Z"}
{"level":"info","message":"GET /api/soc/eventos-salvos? - ::1","timestamp":"2026-08-05T21:21:04.133Z"}
{"level":"info","message":"GET /api/soc/status-integracao - ::1","timestamp":"2026-08-05T21:21:11.811Z"}
{"level":"info","message":"SIGINT recebido, encerrando...","timestamp":"2026-08-05T21:25:00.099Z"}
{"level":"info","message":"🚀 Servidor rodando na porta 3002","timestamp":"2026-08-05T21:25:02.020Z"}
{"level":"info","message":"🌍 Ambiente: development","timestamp":"2026-08-05T21:25:02.029Z"}
{"level":"info","message":"🔐 e-Social Ambiente: homologacao","timestamp":"2026-08-05T21:25:02.029Z"}
{"level":"info","message":"GET /api/soc/status-integracao - ::1","timestamp":"2026-08-05T21:25:08.448Z"}
{"level":"info","message":"SIGINT recebido, encerrando...","timestamp":"2026-08-05T21:26:49.636Z"}
{"level":"info","message":"🚀 Servidor rodando na porta 3002","timestamp":"2026-08-05T21:26:51.411Z"}
{"level":"info","message":"🌍 Ambiente: development","timestamp":"2026-08-05T21:26:51.415Z"}
{"level":"info","message":"🔐 e-Social Ambiente: homologacao","timestamp":"2026-08-05T21:26:51.415Z"}
{"level":"info","message":"GET /api/soc/status-integracao - ::1","timestamp":"2026-08-05T21:26:57.122Z"}
{"level":"info","message":"GET /api/soc/status-integracao - ::1","timestamp":"2026-08-05T21:27:00.240Z"}
{"level":"info","message":"GET /api/soc/status-integracao - ::1","timestamp":"2026-08-05T21:27:00.736Z"}
{"level":"info","message":"SIGINT recebido, encerrando...","timestamp":"2026-08-05T21:28:08.669Z"}
{"level":"info","message":"Servidor rodando na porta 3002","timestamp":"2026-08-05T21:46:45.329Z"}
{"level":"info","message":"Ambiente: development","timestamp":"2026-08-05T21:46:45.332Z"}
{"level":"info","message":"eSocial Ambiente: homologacao","timestamp":"2026-08-05T21:46:45.332Z"}
{"level":"info","message":"GET /api/soc/status-integracao 200 - 419ms - ::1","timestamp":"2026-08-05T21:47:32.160Z"}
{"level":"info","message":"GET / 304 - 7ms - ::1","timestamp":"2026-08-05T21:47:41.163Z"}
{"level":"info","message":"GET /app.js 304 - 2ms - ::1","timestamp":"2026-08-05T21:47:41.189Z"}
{"level":"info","message":"GET /esocial.js 304 - 4ms - ::1","timestamp":"2026-08-05T21:47:41.192Z"}
{"level":"info","message":"GET /api/soc/eventos-salvos? 500 - 1ms - ::1","timestamp":"2026-08-05T21:47:43.471Z"}
{"level":"info","message":"GET / 304 - 1ms - ::1","timestamp":"2026-08-05T21:47:49.313Z"}
{"level":"info","message":"GET /app.js 304 - 2ms - ::1","timestamp":"2026-08-05T21:47:49.323Z"}
{"level":"info","message":"GET /esocial.js 304 - 2ms - ::1","timestamp":"2026-08-05T21:47:49.324Z"}
{"level":"info","message":"GET /api/soc/eventos-salvos? 500 - 1ms - ::1","timestamp":"2026-08-05T21:47:51.161Z"}
{"level":"info","message":"GET /.well-known/appspecific/com.chrome.devtools.json 404 - 2ms - ::1","timestamp":"2026-08-05T21:48:03.109Z"}
{"level":"info","message":"GET / 304 - 11ms - ::1","timestamp":"2026-08-05T21:51:23.859Z"}
{"level":"info","message":"GET /app.js 304 - 4ms - ::1","timestamp":"2026-08-05T21:51:23.925Z"}
{"level":"info","message":"GET /esocial.js 304 - 5ms - ::1","timestamp":"2026-08-05T21:51:23.927Z"}
{"level":"info","message":"GET /.well-known/appspecific/com.chrome.devtools.json 404 - 8ms - ::1","timestamp":"2026-08-05T21:51:24.009Z"}
{"level":"info","message":"GET /api/soc/eventos-salvos? 500 - 2ms - ::1","timestamp":"2026-08-05T21:51:25.089Z"}
{"level":"info","message":"SIGINT recebido. Encerrando servidor...","timestamp":"2026-08-05T21:51:38.494Z"}
{"level":"info","message":"Servidor rodando na porta 3002","timestamp":"2026-08-05T21:51:42.398Z"}
{"level":"info","message":"Ambiente: development","timestamp":"2026-08-05T21:51:42.403Z"}
{"level":"info","message":"eSocial Ambiente: homologacao","timestamp":"2026-08-05T21:51:42.404Z"}
{"level":"info","message":"GET / 304 - 4ms - ::1","timestamp":"2026-08-05T21:51:44.820Z"}
{"level":"info","message":"GET /app.js 304 - 3ms - ::1","timestamp":"2026-08-05T21:51:44.840Z"}
{"level":"info","message":"GET /esocial.js 304 - 3ms - ::1","timestamp":"2026-08-05T21:51:44.842Z"}
{"level":"info","message":"GET /.well-known/appspecific/com.chrome.devtools.json 404 - 4ms - ::1","timestamp":"2026-08-05T21:51:44.866Z"}
{"level":"info","message":"GET /api/soc/eventos-salvos? 200 - 550ms - ::1","timestamp":"2026-08-05T21:51:46.311Z"}
{"level":"info","message":"POST /api/soc/buscar-dados-esocial 500 - 3ms - ::1","timestamp":"2026-08-05T21:51:59.019Z"}
{"level":"info","message":"SIGINT recebido. Encerrando servidor...","timestamp":"2026-08-05T22:15:46.581Z"}
{"level":"info","message":"Servidor rodando na porta 3002","timestamp":"2026-08-05T22:15:51.303Z"}
{"level":"info","message":"Ambiente: development","timestamp":"2026-08-05T22:15:51.307Z"}
{"level":"info","message":"eSocial Ambiente: homologacao","timestamp":"2026-08-05T22:15:51.307Z"}
{"level":"info","message":"GET /api/soc/status-integracao 502 - 410ms - ::1","timestamp":"2026-08-05T22:16:00.528Z"}
{"level":"info","message":"GET /api/soc/status-integracao 502 - 101ms - ::1","timestamp":"2026-08-05T22:16:00.650Z"}
{"level":"info","message":"SIGINT recebido. Encerrando servidor...","timestamp":"2026-08-05T22:19:07.269Z"}
{"level":"info","message":"Servidor rodando na porta 3002","timestamp":"2026-08-05T22:19:11.912Z"}
{"level":"info","message":"Ambiente: development","timestamp":"2026-08-05T22:19:11.915Z"}
{"level":"info","message":"eSocial Ambiente: homologacao","timestamp":"2026-08-05T22:19:11.916Z"}
{"level":"info","message":"GET /api/soc/status-integracao 502 - 1439ms - ::1","timestamp":"2026-08-05T22:19:31.862Z"}
{"level":"info","message":"SIGINT recebido. Encerrando servidor...","timestamp":"2026-08-05T22:22:40.966Z"}
{"level":"info","message":"Servidor rodando na porta 3002","timestamp":"2026-08-05T22:22:44.168Z"}
{"level":"info","message":"Ambiente: development","timestamp":"2026-08-05T22:22:44.171Z"}
{"level":"info","message":"eSocial Ambiente: homologacao","timestamp":"2026-08-05T22:22:44.171Z"}
{"level":"info","message":"GET /api/soc/status-integracao 200 - 420ms - ::1","timestamp":"2026-08-05T22:22:52.267Z"}
{"level":"info","message":"SIGINT recebido. Encerrando servidor...","timestamp":"2026-08-05T22:24:25.291Z"}
{"level":"info","message":"Servidor rodando na porta 3002","timestamp":"2026-08-05T22:24:28.917Z"}
{"level":"info","message":"Ambiente: development","timestamp":"2026-08-05T22:24:28.920Z"}
{"level":"info","message":"eSocial Ambiente: homologacao","timestamp":"2026-08-05T22:24:28.920Z"}
{"level":"info","message":"GET /api/soc/status-integracao 502 - 296ms - ::1","timestamp":"2026-08-05T22:24:33.179Z"}
{"level":"info","message":"GET /api/soc/status-integracao 502 - 83ms - ::1","timestamp":"2026-08-05T22:24:33.282Z"}
{"level":"info","message":"SIGINT recebido. Encerrando servidor...","timestamp":"2026-08-05T22:24:56.808Z"}
{"level":"error","message":"Encerramento forçado após 10 segundos.","timestamp":"2026-08-05T22:25:06.825Z"}
{"level":"info","message":"Servidor rodando na porta 3002","timestamp":"2026-08-05T22:25:16.134Z"}
{"level":"info","message":"Ambiente: development","timestamp":"2026-08-05T22:25:16.139Z"}
{"level":"info","message":"eSocial Ambiente: homologacao","timestamp":"2026-08-05T22:25:16.139Z"}
{"level":"info","message":"GET /api/soc/status-integracao 200 - 340ms - ::1","timestamp":"2026-08-05T22:25:29.248Z"}
{"level":"info","message":"SIGINT recebido. Encerrando servidor...","timestamp":"2026-08-05T22:32:32.746Z"}
{"level":"info","message":"Servidor rodando na porta 3002","timestamp":"2026-08-11T17:43:13.774Z"}
{"level":"info","message":"Ambiente: development","timestamp":"2026-08-11T17:43:13.779Z"}
{"level":"info","message":"eSocial Ambiente: homologacao","timestamp":"2026-08-11T17:43:13.779Z"}
{"level":"info","message":"GET / 200 - 15ms - ::1","timestamp":"2026-08-11T17:43:42.540Z"}
{"level":"info","message":"GET /esocial.js 200 - 3ms - ::1","timestamp":"2026-08-11T17:43:42.619Z"}
{"level":"info","message":"GET /app.js 200 - 149ms - ::1","timestamp":"2026-08-11T17:43:42.763Z"}
{"level":"info","message":"GET /favicon.ico 404 - 6ms - ::1","timestamp":"2026-08-11T17:43:42.882Z"}
{"level":"info","message":"GET /api/soc/eventos-salvos? 200 - 684ms - ::1","timestamp":"2026-08-11T17:43:44.815Z"}
{"level":"info","message":"SIGINT recebido. Encerrando servidor...","timestamp":"2026-08-11T17:49:33.509Z"}
{"level":"info","message":"Servidor rodando na porta 3002","timestamp":"2026-08-11T17:49:37.062Z"}
{"level":"info","message":"Ambiente: development","timestamp":"2026-08-11T17:49:37.065Z"}
{"level":"info","message":"eSocial Ambiente: homologacao","timestamp":"2026-08-11T17:49:37.065Z"}
{"level":"info","message":"GET / 200 - 7ms - ::1","timestamp":"2026-08-11T17:49:42.431Z"}
{"level":"info","message":"GET /app.js 304 - 2ms - ::1","timestamp":"2026-08-11T17:49:42.453Z"}
{"level":"info","message":"GET /esocial.js 200 - 6ms - ::1","timestamp":"2026-08-11T17:49:42.458Z"}
{"level":"info","message":"GET /api/soc/eventos-salvos? 304 - 633ms - ::1","timestamp":"2026-08-11T17:49:44.623Z"}
{"level":"info","message":"GET /.well-known/appspecific/com.chrome.devtools.json 404 - 74ms - ::1","timestamp":"2026-08-11T17:49:47.523Z"}
{"level":"info","message":"SIGINT recebido. Encerrando servidor...","timestamp":"2026-08-11T17:53:22.021Z"}
{"level":"info","message":"Servidor rodando na porta 3002","timestamp":"2026-08-11T17:53:24.255Z"}
{"level":"info","message":"Ambiente: development","timestamp":"2026-08-11T17:53:24.259Z"}
{"level":"info","message":"eSocial Ambiente: homologacao","timestamp":"2026-08-11T17:53:24.260Z"}
{"level":"info","message":"GET / 304 - 5ms - ::1","timestamp":"2026-08-11T17:53:30.721Z"}
{"level":"info","message":"GET /app.js 304 - 2ms - ::1","timestamp":"2026-08-11T17:53:30.731Z"}
{"level":"info","message":"GET /esocial.js 200 - 8ms - ::1","timestamp":"2026-08-11T17:53:30.738Z"}
{"level":"info","message":"GET /api/soc/status-integracao 200 - 383ms - ::1","timestamp":"2026-08-11T17:53:32.680Z"}
{"level":"info","message":"GET /api/soc/eventos-salvos 200 - 798ms - ::1","timestamp":"2026-08-11T17:53:33.123Z"}
{"level":"info","message":"GET /.well-known/appspecific/com.chrome.devtools.json 404 - 1ms - ::1","timestamp":"2026-08-11T17:53:36.100Z"}
{"level":"info","message":"GET /.well-known/appspecific/com.chrome.devtools.json 404 - 1ms - ::1","timestamp":"2026-08-11T17:54:23.717Z"}
{"level":"info","message":"SIGINT recebido. Encerrando servidor...","timestamp":"2026-08-11T17:57:35.497Z"}
{"level":"info","message":"Servidor rodando na porta 3002","timestamp":"2026-08-11T17:57:38.375Z"}
{"level":"info","message":"Ambiente: development","timestamp":"2026-08-11T17:57:38.379Z"}
{"level":"info","message":"eSocial Ambiente: homologacao","timestamp":"2026-08-11T17:57:38.379Z"}
{"level":"info","message":"GET / 304 - 5ms - ::1","timestamp":"2026-08-11T17:57:41.843Z"}
{"level":"info","message":"GET /app.js 304 - 2ms - ::1","timestamp":"2026-08-11T17:57:41.859Z"}
{"level":"info","message":"GET /esocial.js 200 - 7ms - ::1","timestamp":"2026-08-11T17:57:41.866Z"}
{"level":"info","message":"GET /api/soc/eventos-salvos 304 - 560ms - ::1","timestamp":"2026-08-11T17:57:43.735Z"}
{"level":"info","message":"GET /api/soc/status-integracao 304 - 327ms - ::1","timestamp":"2026-08-11T17:57:44.068Z"}
{"level":"info","message":"POST /api/soc/exporta-dados 200 - 205ms - ::1","timestamp":"2026-08-11T17:57:56.207Z"}
{"level":"info","message":"SIGINT recebido. Encerrando servidor...","timestamp":"2026-08-11T18:15:51.177Z"}
{"level":"info","message":"Servidor rodando na porta 3002","timestamp":"2026-08-11T18:15:54.642Z"}
{"level":"info","message":"Ambiente: development","timestamp":"2026-08-11T18:15:54.645Z"}
{"level":"info","message":"eSocial Ambiente: homologacao","timestamp":"2026-08-11T18:15:54.645Z"}
{"level":"info","message":"GET /api/soc/status-integracao 304 - 387ms - ::1","timestamp":"2026-08-11T18:16:03.718Z"}
{"level":"info","message":"GET / 200 - 5ms - ::1","timestamp":"2026-08-11T18:16:09.908Z"}
{"level":"info","message":"GET /app.js 304 - 3ms - ::1","timestamp":"2026-08-11T18:16:09.924Z"}
{"level":"info","message":"GET /esocial.js 304 - 3ms - ::1","timestamp":"2026-08-11T18:16:09.925Z"}
{"level":"info","message":"GET /api/soc/eventos-salvos 304 - 544ms - ::1","timestamp":"2026-08-11T18:16:12.581Z"}
{"level":"info","message":"GET /api/soc/status-integracao 304 - 225ms - ::1","timestamp":"2026-08-11T18:16:12.811Z"}
{"level":"info","message":"POST /api/soc/exporta-dados 200 - 189ms - ::1","timestamp":"2026-08-11T18:16:23.694Z"}
{"level":"info","message":"GET /api/soc/status-integracao 304 - 249ms - ::1","timestamp":"2026-08-11T18:16:44.763Z"}
{"level":"info","message":"POST /api/soc/exporta-dados 200 - 217ms - ::1","timestamp":"2026-08-11T18:17:33.371Z"}
{"level":"info","message":"SIGINT recebido. Encerrando servidor...","timestamp":"2026-08-11T18:28:36.259Z"}
{"level":"info","message":"Servidor rodando na porta 3002","timestamp":"2026-08-11T18:28:39.666Z"}
{"level":"info","message":"Ambiente: development","timestamp":"2026-08-11T18:28:39.670Z"}
{"level":"info","message":"eSocial Ambiente: homologacao","timestamp":"2026-08-11T18:28:39.671Z"}
{"level":"info","message":"GET /api/soc/status-integracao 502 - 297ms - ::1","timestamp":"2026-08-11T18:28:47.249Z"}
{"level":"info","message":"SIGINT recebido. Encerrando servidor...","timestamp":"2026-08-11T18:29:21.612Z"}
{"level":"info","message":"SIGINT recebido. Encerrando servidor...","timestamp":"2026-08-11T18:29:22.817Z"}
{"level":"info","message":"SIGINT recebido. Encerrando servidor...","timestamp":"2026-08-11T18:29:23.401Z"}
{"level":"info","message":"SIGINT recebido. Encerrando servidor...","timestamp":"2026-08-11T18:29:23.915Z"}
{"level":"info","message":"SIGINT recebido. Encerrando servidor...","timestamp":"2026-08-11T18:29:24.160Z"}
{"level":"info","message":"SIGINT recebido. Encerrando servidor...","timestamp":"2026-08-11T18:29:24.358Z"}
{"level":"info","message":"SIGINT recebido. Encerrando servidor...","timestamp":"2026-08-11T18:29:24.515Z"}
{"level":"info","message":"SIGINT recebido. Encerrando servidor...","timestamp":"2026-08-11T18:29:24.681Z"}
{"level":"info","message":"SIGINT recebido. Encerrando servidor...","timestamp":"2026-08-11T18:29:24.846Z"}
{"level":"error","message":"Encerramento forçado após 10 segundos.","timestamp":"2026-08-11T18:29:31.620Z"}
{"level":"info","message":"Servidor rodando na porta 3002","timestamp":"2026-08-11T18:29:35.789Z"}
{"level":"info","message":"Ambiente: development","timestamp":"2026-08-11T18:29:35.792Z"}
{"level":"info","message":"eSocial Ambiente: homologacao","timestamp":"2026-08-11T18:29:35.792Z"}
{"level":"info","message":"GET /api/soc/status-integracao 502 - 339ms - ::1","timestamp":"2026-08-11T18:29:39.604Z"}
{"level":"info","message":"SIGINT recebido. Encerrando servidor...","timestamp":"2026-08-11T18:30:33.619Z"}
{"level":"error","message":"Encerramento forçado após 10 segundos.","timestamp":"2026-08-11T18:30:43.648Z"}
{"level":"info","message":"Servidor rodando na porta 3002","timestamp":"2026-08-11T18:30:49.717Z"}
{"level":"info","message":"Ambiente: development","timestamp":"2026-08-11T18:30:49.720Z"}
{"level":"info","message":"eSocial Ambiente: homologacao","timestamp":"2026-08-11T18:30:49.720Z"}
{"level":"info","message":"GET /api/soc/status-integracao 200 - 398ms - ::1","timestamp":"2026-08-11T18:30:54.988Z"}
{"level":"info","message":"SIGINT recebido. Encerrando servidor...","timestamp":"2026-08-11T18:32:16.401Z"}
{"level":"info","message":"Servidor rodando na porta 3002","timestamp":"2026-08-11T18:32:19.859Z"}
{"level":"info","message":"Ambiente: development","timestamp":"2026-08-11T18:32:19.862Z"}
{"level":"info","message":"eSocial Ambiente: homologacao","timestamp":"2026-08-11T18:32:19.863Z"}
{"level":"info","message":"GET /api/soc/status-integracao 304 - 339ms - ::1","timestamp":"2026-08-11T18:32:25.384Z"}
{"level":"info","message":"POST /api/soc/exporta-dados 200 - 195ms - ::1","timestamp":"2026-08-11T18:33:07.241Z"}
{"level":"info","message":"POST /api/soc/exporta-dados 200 - 201ms - ::1","timestamp":"2026-08-11T18:35:09.003Z"}
{"level":"info","message":"SIGINT recebido. Encerrando servidor...","timestamp":"2026-08-11T18:39:53.924Z"}
{"level":"info","message":"Servidor rodando na porta 3002","timestamp":"2026-08-11T18:39:57.009Z"}
{"level":"info","message":"Ambiente: development","timestamp":"2026-08-11T18:39:57.013Z"}
{"level":"info","message":"eSocial Ambiente: homologacao","timestamp":"2026-08-11T18:39:57.014Z"}
{"level":"info","message":"POST /api/soc/exporta-dados 200 - 351ms - ::1","timestamp":"2026-08-11T18:40:11.617Z"}
{"level":"info","message":"SIGINT recebido. Encerrando servidor...","timestamp":"2026-08-11T19:12:43.865Z"}
{"level":"info","message":"Servidor rodando na porta 3002","timestamp":"2026-08-11T19:12:47.864Z"}
{"level":"info","message":"Ambiente: development","timestamp":"2026-08-11T19:12:47.867Z"}
{"level":"info","message":"eSocial Ambiente: homologacao","timestamp":"2026-08-11T19:12:47.867Z"}
{"level":"info","message":"GET / 304 - 5ms - ::1","timestamp":"2026-08-11T19:12:54.687Z"}
{"level":"info","message":"GET /app.js 304 - 1ms - ::1","timestamp":"2026-08-11T19:12:54.697Z"}
{"level":"info","message":"GET /esocial.js 304 - 3ms - ::1","timestamp":"2026-08-11T19:12:54.700Z"}
{"level":"info","message":"GET /api/soc/eventos-salvos 304 - 763ms - ::1","timestamp":"2026-08-11T19:12:57.390Z"}
{"level":"info","message":"GET /api/soc/status-integracao 304 - 351ms - ::1","timestamp":"2026-08-11T19:12:57.746Z"}
{"level":"info","message":"POST /api/soc/exporta-dados 200 - 144ms - ::1","timestamp":"2026-08-11T19:13:07.562Z"}
{"level":"info","message":"SIGINT recebido. Encerrando servidor...","timestamp":"2026-08-11T19:15:13.385Z"}
{"level":"info","message":"Servidor rodando na porta 3002","timestamp":"2026-08-11T19:15:16.898Z"}
{"level":"info","message":"Ambiente: development","timestamp":"2026-08-11T19:15:16.901Z"}
{"level":"info","message":"eSocial Ambiente: homologacao","timestamp":"2026-08-11T19:15:16.901Z"}
{"level":"info","message":"GET / 304 - 7ms - ::1","timestamp":"2026-08-11T19:15:21.508Z"}
{"level":"info","message":"GET /app.js 304 - 3ms - ::1","timestamp":"2026-08-11T19:15:21.524Z"}
{"level":"info","message":"GET /esocial.js 200 - 8ms - ::1","timestamp":"2026-08-11T19:15:21.530Z"}
{"level":"info","message":"GET /api/soc/eventos-salvos 304 - 347ms - ::1","timestamp":"2026-08-11T19:15:23.466Z"}
{"level":"info","message":"GET /api/soc/status-integracao 304 - 272ms - ::1","timestamp":"2026-08-11T19:15:23.742Z"}
{"level":"info","message":"POST /api/soc/buscar-dados-esocial 200 - 361ms - ::1","timestamp":"2026-08-11T19:15:32.786Z"}
{"level":"info","message":"SIGINT recebido. Encerrando servidor...","timestamp":"2026-08-11T19:17:02.706Z"}
{"level":"info","message":"Servidor rodando na porta 3002","timestamp":"2026-08-11T19:17:05.874Z"}
{"level":"info","message":"Ambiente: development","timestamp":"2026-08-11T19:17:05.877Z"}
{"level":"info","message":"eSocial Ambiente: homologacao","timestamp":"2026-08-11T19:17:05.878Z"}
{"level":"info","message":"GET / 304 - 8ms - ::1","timestamp":"2026-08-11T19:17:09.219Z"}
{"level":"info","message":"GET /app.js 304 - 2ms - ::1","timestamp":"2026-08-11T19:17:09.229Z"}
{"level":"info","message":"GET /esocial.js 304 - 4ms - ::1","timestamp":"2026-08-11T19:17:09.232Z"}
{"level":"info","message":"GET /api/soc/eventos-salvos 304 - 320ms - ::1","timestamp":"2026-08-11T19:17:11.795Z"}
{"level":"info","message":"GET /api/soc/status-integracao 304 - 297ms - ::1","timestamp":"2026-08-11T19:17:12.096Z"}
{"level":"info","message":"POST /api/soc/buscar-dados-esocial 200 - 7355ms - ::1","timestamp":"2026-08-11T19:17:29.005Z"}
{"level":"info","message":"GET /api/soc/eventos-salvos 200 - 287ms - ::1","timestamp":"2026-08-11T19:17:29.298Z"}
{"level":"info","message":"SIGINT recebido. Encerrando servidor...","timestamp":"2026-08-11T19:28:00.199Z"}
{"level":"info","message":"Servidor rodando na porta 3002","timestamp":"2026-08-11T19:28:05.478Z"}
{"level":"info","message":"Ambiente: development","timestamp":"2026-08-11T19:28:05.486Z"}
{"level":"info","message":"eSocial Ambiente: homologacao","timestamp":"2026-08-11T19:28:05.487Z"}
{"level":"info","message":"GET / 304 - 6ms - ::1","timestamp":"2026-08-11T19:28:09.453Z"}
{"level":"info","message":"GET /esocial.js 304 - 2ms - ::1","timestamp":"2026-08-11T19:28:09.489Z"}
{"level":"info","message":"GET /app.js 304 - 2ms - ::1","timestamp":"2026-08-11T19:28:09.490Z"}
{"level":"info","message":"GET /api/soc/eventos-salvos 200 - 639ms - ::1","timestamp":"2026-08-11T19:28:12.016Z"}
{"level":"info","message":"GET /api/soc/status-integracao 304 - 416ms - ::1","timestamp":"2026-08-11T19:28:12.437Z"}
{"level":"info","message":"POST /api/soc/buscar-dados-esocial 200 - 7395ms - ::1","timestamp":"2026-08-11T19:28:29.023Z"}
{"level":"info","message":"GET /api/soc/eventos-salvos 200 - 235ms - ::1","timestamp":"2026-08-11T19:28:29.265Z"}
{"level":"info","message":"SIGINT recebido. Encerrando servidor...","timestamp":"2026-08-11T19:31:22.729Z"}
{"level":"info","message":"Servidor rodando na porta 3002","timestamp":"2026-08-11T19:31:26.376Z"}
{"level":"info","message":"Ambiente: development","timestamp":"2026-08-11T19:31:26.379Z"}
{"level":"info","message":"eSocial Ambiente: homologacao","timestamp":"2026-08-11T19:31:26.379Z"}
{"level":"info","message":"GET / 304 - 5ms - ::1","timestamp":"2026-08-11T19:31:36.628Z"}
{"level":"info","message":"GET /app.js 304 - 2ms - ::1","timestamp":"2026-08-11T19:31:36.657Z"}
{"level":"info","message":"GET /esocial.js 304 - 2ms - ::1","timestamp":"2026-08-11T19:31:36.658Z"}
{"level":"info","message":"GET /api/soc/eventos-salvos 200 - 1147ms - ::1","timestamp":"2026-08-11T19:31:46.267Z"}
{"level":"info","message":"GET /api/soc/status-integracao 304 - 391ms - ::1","timestamp":"2026-08-11T19:31:46.664Z"}
{"level":"info","message":"POST /api/soc/buscar-dados-esocial 200 - 7139ms - ::1","timestamp":"2026-08-11T19:32:10.651Z"}
{"level":"info","message":"GET /api/soc/eventos-salvos 200 - 298ms - ::1","timestamp":"2026-08-11T19:32:10.957Z"}
{"level":"info","message":"SIGINT recebido. Encerrando servidor...","timestamp":"2026-08-11T19:37:54.821Z"}
{"level":"info","message":"Servidor rodando na porta 3002","timestamp":"2026-08-11T19:37:58.570Z"}
{"level":"info","message":"Ambiente: development","timestamp":"2026-08-11T19:37:58.574Z"}
{"level":"info","message":"eSocial Ambiente: homologacao","timestamp":"2026-08-11T19:37:58.575Z"}
{"level":"info","message":"GET / 304 - 5ms - ::1","timestamp":"2026-08-11T19:38:02.325Z"}
{"level":"info","message":"GET /app.js 304 - 2ms - ::1","timestamp":"2026-08-11T19:38:02.355Z"}
{"level":"info","message":"GET /esocial.js 200 - 7ms - ::1","timestamp":"2026-08-11T19:38:02.361Z"}
{"level":"info","message":"GET /api/soc/eventos-salvos 200 - 707ms - ::1","timestamp":"2026-08-11T19:38:04.550Z"}
{"level":"info","message":"GET /api/soc/status-integracao 304 - 307ms - ::1","timestamp":"2026-08-11T19:38:04.865Z"}
{"level":"info","message":"POST /api/soc/buscar-dados-esocial 200 - 7128ms - ::1","timestamp":"2026-08-11T19:38:20.970Z"}
{"level":"info","message":"GET /api/soc/eventos-salvos 200 - 229ms - ::1","timestamp":"2026-08-11T19:38:21.203Z"}
{"level":"info","message":"SIGINT recebido. Encerrando servidor...","timestamp":"2026-08-11T20:35:34.060Z"}
{"level":"info","message":"Servidor rodando na porta 3002","timestamp":"2026-08-11T20:35:50.254Z"}
{"level":"info","message":"Ambiente: development","timestamp":"2026-08-11T20:35:50.266Z"}
{"level":"info","message":"eSocial Ambiente: homologacao","timestamp":"2026-08-11T20:35:50.267Z"}
{"level":"info","message":"POST /api/soc/exporta-dados 200 - 506ms - ::1","timestamp":"2026-08-11T20:35:56.671Z"}
{"level":"info","message":"SIGINT recebido. Encerrando servidor...","timestamp":"2026-08-11T20:41:08.310Z"}
{"level":"info","message":"Servidor rodando na porta 3002","timestamp":"2026-08-11T20:41:11.978Z"}
{"level":"info","message":"Ambiente: development","timestamp":"2026-08-11T20:41:11.981Z"}
{"level":"info","message":"eSocial Ambiente: homologacao","timestamp":"2026-08-11T20:41:11.981Z"}
{"level":"info","message":"GET / 304 - 5ms - ::1","timestamp":"2026-08-11T20:41:28.436Z"}
{"level":"info","message":"GET /app.js 304 - 1ms - ::1","timestamp":"2026-08-11T20:41:28.465Z"}
{"level":"info","message":"GET /esocial.js 304 - 1ms - ::1","timestamp":"2026-08-11T20:41:28.466Z"}
{"level":"info","message":"GET /api/soc/eventos-salvos 200 - 626ms - ::1","timestamp":"2026-08-11T20:41:31.025Z"}
{"level":"info","message":"GET /api/soc/status-integracao 304 - 279ms - ::1","timestamp":"2026-08-11T20:41:31.310Z"}
{"level":"info","message":"GET / 304 - 1ms - ::1","timestamp":"2026-08-11T20:41:56.987Z"}
{"level":"info","message":"GET /app.js 304 - 1ms - ::1","timestamp":"2026-08-11T20:41:57.000Z"}
{"level":"info","message":"GET /esocial.js 304 - 1ms - ::1","timestamp":"2026-08-11T20:41:57.001Z"}
{"level":"info","message":"GET /api/soc/eventos-salvos 200 - 255ms - ::1","timestamp":"2026-08-11T20:41:58.462Z"}
{"level":"info","message":"GET /api/soc/status-integracao 304 - 173ms - ::1","timestamp":"2026-08-11T20:41:58.640Z"}
{"level":"info","message":"POST /api/soc/buscar-dados-esocial 200 - 7993ms - ::1","timestamp":"2026-08-11T20:42:16.339Z"}
{"level":"info","message":"GET /api/soc/eventos-salvos 200 - 281ms - ::1","timestamp":"2026-08-11T20:42:16.627Z"}
{"level":"info","message":"SIGINT recebido. Encerrando servidor...","timestamp":"2026-08-11T20:52:25.674Z"}
{"level":"info","message":"Servidor rodando na porta 3002","timestamp":"2026-08-11T20:52:34.389Z"}
{"level":"info","message":"Ambiente: development","timestamp":"2026-08-11T20:52:34.393Z"}
{"level":"info","message":"eSocial Ambiente: homologacao","timestamp":"2026-08-11T20:52:34.393Z"}
{"level":"info","message":"GET / 304 - 6ms - ::1","timestamp":"2026-08-11T20:52:49.642Z"}
{"level":"info","message":"GET /app.js 304 - 3ms - ::1","timestamp":"2026-08-11T20:52:49.676Z"}
{"level":"info","message":"GET /esocial.js 200 - 6ms - ::1","timestamp":"2026-08-11T20:52:49.681Z"}
{"level":"info","message":"GET /api/soc/eventos-salvos 200 - 671ms - ::1","timestamp":"2026-08-11T20:52:52.008Z"}
{"level":"info","message":"GET /api/soc/status-integracao 304 - 739ms - ::1","timestamp":"2026-08-11T20:52:52.753Z"}
{"level":"info","message":"POST /api/soc/buscar-dados-esocial 200 - 8162ms - ::1","timestamp":"2026-08-11T20:53:09.336Z"}
{"level":"info","message":"GET /api/soc/eventos-salvos 200 - 228ms - ::1","timestamp":"2026-08-11T20:53:09.568Z"}
{"level":"info","message":"SIGINT recebido. Encerrando servidor...","timestamp":"2026-08-11T21:08:44.504Z"}
{"level":"info","message":"Servidor rodando na porta 3002","timestamp":"2026-08-11T21:08:48.572Z"}
{"level":"info","message":"Ambiente: development","timestamp":"2026-08-11T21:08:48.575Z"}
{"level":"info","message":"eSocial Ambiente: homologacao","timestamp":"2026-08-11T21:08:48.576Z"}
{"level":"info","message":"GET / 304 - 5ms - ::1","timestamp":"2026-08-11T21:09:00.876Z"}
{"level":"info","message":"GET /app.js 304 - 2ms - ::1","timestamp":"2026-08-11T21:09:00.911Z"}
{"level":"info","message":"GET /esocial.js 304 - 2ms - ::1","timestamp":"2026-08-11T21:09:00.912Z"}
{"level":"info","message":"GET /api/soc/eventos-salvos 200 - 596ms - ::1","timestamp":"2026-08-11T21:09:03.313Z"}
{"level":"info","message":"GET /api/soc/status-integracao 304 - 317ms - ::1","timestamp":"2026-08-11T21:09:03.638Z"}
{"level":"info","message":"POST /api/soc/buscar-dados-esocial 500 - 621ms - ::1","timestamp":"2026-08-11T21:09:17.749Z"}
{"level":"info","message":"SIGINT recebido. Encerrando servidor...","timestamp":"2026-08-11T21:25:40.422Z"}
{"level":"info","message":"Servidor rodando na porta 3002","timestamp":"2026-08-11T21:25:53.783Z"}
{"level":"info","message":"Ambiente: development","timestamp":"2026-08-11T21:25:53.787Z"}
{"level":"info","message":"eSocial Ambiente: homologacao","timestamp":"2026-08-11T21:25:53.787Z"}
{"level":"info","message":"GET / 304 - 6ms - ::1","timestamp":"2026-08-11T21:26:03.494Z"}
{"level":"info","message":"GET /app.js 304 - 2ms - ::1","timestamp":"2026-08-11T21:26:03.514Z"}
{"level":"info","message":"GET /esocial.js 304 - 2ms - ::1","timestamp":"2026-08-11T21:26:03.515Z"}
{"level":"info","message":"GET /api/soc/eventos-salvos 304 - 602ms - ::1","timestamp":"2026-08-11T21:26:06.003Z"}
{"level":"info","message":"GET /api/soc/status-integracao 304 - 349ms - ::1","timestamp":"2026-08-11T21:26:06.356Z"}
{"level":"info","message":"POST /api/soc/buscar-dados-esocial 200 - 12887ms - ::1","timestamp":"2026-08-11T21:26:31.779Z"}
{"level":"info","message":"GET /api/soc/eventos-salvos 200 - 272ms - ::1","timestamp":"2026-08-11T21:26:32.058Z"}
{"level":"info","message":"SIGINT recebido. Encerrando servidor...","timestamp":"2026-08-11T21:37:43.020Z"}
{"level":"info","message":"Servidor rodando na porta 3002","timestamp":"2026-08-11T21:37:47.194Z"}
{"level":"info","message":"Ambiente: development","timestamp":"2026-08-11T21:37:47.199Z"}
{"level":"info","message":"eSocial Ambiente: homologacao","timestamp":"2026-08-11T21:37:47.200Z"}
{"level":"info","message":"SIGINT recebido. Encerrando servidor...","timestamp":"2026-08-11T21:39:46.915Z"}
{"level":"info","message":"Servidor rodando na porta 3002","timestamp":"2026-08-11T21:39:50.524Z"}
{"level":"info","message":"Ambiente: development","timestamp":"2026-08-11T21:39:50.527Z"}
{"level":"info","message":"eSocial Ambiente: homologacao","timestamp":"2026-08-11T21:39:50.527Z"}
{"level":"info","message":"POST /api/soc/exporta-dados 502 - 6ms - ::1","timestamp":"2026-08-11T21:40:13.566Z"}
{"level":"info","message":"SIGINT recebido. Encerrando servidor...","timestamp":"2026-08-11T21:41:12.652Z"}
{"level":"info","message":"Servidor rodando na porta 3002","timestamp":"2026-08-11T21:41:15.704Z"}
{"level":"info","message":"Ambiente: development","timestamp":"2026-08-11T21:41:15.708Z"}
{"level":"info","message":"eSocial Ambiente: homologacao","timestamp":"2026-08-11T21:41:15.708Z"}
{"level":"info","message":"POST /api/soc/exporta-dados 200 - 372ms - ::1","timestamp":"2026-08-11T21:41:57.469Z"}
{"level":"info","message":"SIGINT recebido. Encerrando servidor...","timestamp":"2026-08-11T21:48:15.132Z"}
{"level":"info","message":"Servidor rodando na porta 3002","timestamp":"2026-08-11T21:48:18.507Z"}
{"level":"info","message":"Ambiente: development","timestamp":"2026-08-11T21:48:18.511Z"}
{"level":"info","message":"eSocial Ambiente: homologacao","timestamp":"2026-08-11T21:48:18.511Z"}
{"level":"info","message":"GET / 304 - 6ms - ::1","timestamp":"2026-08-11T21:48:30.691Z"}
{"level":"info","message":"GET /app.js 304 - 3ms - ::1","timestamp":"2026-08-11T21:48:30.703Z"}
{"level":"info","message":"GET /esocial.js 304 - 3ms - ::1","timestamp":"2026-08-11T21:48:30.704Z"}
{"level":"info","message":"GET /api/soc/eventos-salvos 200 - 536ms - ::1","timestamp":"2026-08-11T21:48:33.054Z"}
{"level":"info","message":"GET /api/soc/status-integracao 304 - 523ms - ::1","timestamp":"2026-08-11T21:48:33.586Z"}
{"level":"info","message":"GET / 304 - 2ms - ::1","timestamp":"2026-08-11T21:48:37.192Z"}
{"level":"info","message":"GET /app.js 304 - 3ms - ::1","timestamp":"2026-08-11T21:48:37.207Z"}
{"level":"info","message":"GET /esocial.js 304 - 2ms - ::1","timestamp":"2026-08-11T21:48:37.208Z"}
{"level":"info","message":"GET /api/soc/eventos-salvos 304 - 266ms - ::1","timestamp":"2026-08-11T21:48:38.765Z"}
{"level":"info","message":"GET /api/soc/status-integracao 304 - 125ms - ::1","timestamp":"2026-08-11T21:48:38.895Z"}
{"level":"info","message":"GET / 304 - 1ms - ::1","timestamp":"2026-08-11T21:48:47.619Z"}
{"level":"info","message":"GET /app.js 304 - 2ms - ::1","timestamp":"2026-08-11T21:48:47.631Z"}
{"level":"info","message":"GET /esocial.js 304 - 4ms - ::1","timestamp":"2026-08-11T21:48:47.633Z"}
{"level":"info","message":"GET /api/soc/eventos-salvos 304 - 271ms - ::1","timestamp":"2026-08-11T21:48:49.109Z"}
{"level":"info","message":"GET /api/soc/status-integracao 304 - 141ms - ::1","timestamp":"2026-08-11T21:48:49.259Z"}
{"level":"info","message":"GET / 304 - 1ms - ::1","timestamp":"2026-08-11T21:49:26.433Z"}
{"level":"info","message":"GET /app.js 304 - 2ms - ::1","timestamp":"2026-08-11T21:49:26.446Z"}
{"level":"info","message":"GET /esocial.js 304 - 2ms - ::1","timestamp":"2026-08-11T21:49:26.447Z"}
{"level":"info","message":"GET /api/soc/eventos-salvos 200 - 373ms - ::1","timestamp":"2026-08-11T21:49:28.191Z"}
{"level":"info","message":"GET /api/soc/status-integracao 304 - 179ms - ::1","timestamp":"2026-08-11T21:49:28.377Z"}
{"level":"info","message":"POST /api/soc/buscar-dados-esocial 200 - 13158ms - ::1","timestamp":"2026-08-11T21:49:52.591Z"}
{"level":"info","message":"GET /api/soc/eventos-salvos 200 - 260ms - ::1","timestamp":"2026-08-11T21:49:52.856Z"}
{"level":"info","message":"SIGINT recebido. Encerrando servidor...","timestamp":"2026-08-11T21:53:27.628Z"}
{"level":"info","message":"Servidor rodando na porta 3002","timestamp":"2026-08-11T21:53:30.960Z"}
{"level":"info","message":"Ambiente: development","timestamp":"2026-08-11T21:53:30.964Z"}
{"level":"info","message":"eSocial Ambiente: homologacao","timestamp":"2026-08-11T21:53:30.964Z"}
{"level":"info","message":"GET / 304 - 7ms - ::1","timestamp":"2026-08-11T21:53:50.747Z"}
{"level":"info","message":"GET /app.js 304 - 3ms - ::1","timestamp":"2026-08-11T21:53:50.763Z"}
{"level":"info","message":"GET /esocial.js 200 - 8ms - ::1","timestamp":"2026-08-11T21:53:50.770Z"}
{"level":"info","message":"GET /api/soc/eventos-salvos 200 - 601ms - ::1","timestamp":"2026-08-11T21:53:53.081Z"}
{"level":"info","message":"GET /api/soc/status-integracao 304 - 306ms - ::1","timestamp":"2026-08-11T21:53:53.392Z"}
{"level":"info","message":"POST /api/soc/buscar-dados-esocial 200 - 13082ms - ::1","timestamp":"2026-08-11T21:54:16.858Z"}
{"level":"info","message":"GET /api/soc/eventos-salvos 200 - 234ms - ::1","timestamp":"2026-08-11T21:54:17.097Z"}
{"level":"info","message":"SIGINT recebido. Encerrando servidor...","timestamp":"2026-08-11T21:58:19.769Z"}
{"level":"info","message":"Servidor rodando na porta 3002","timestamp":"2026-08-11T21:58:23.021Z"}
{"level":"info","message":"Ambiente: development","timestamp":"2026-08-11T21:58:23.025Z"}
{"level":"info","message":"eSocial Ambiente: homologacao","timestamp":"2026-08-11T21:58:23.026Z"}
{"level":"info","message":"GET / 304 - 8ms - ::1","timestamp":"2026-08-11T21:58:35.924Z"}
{"level":"info","message":"GET /app.js 304 - 2ms - ::1","timestamp":"2026-08-11T21:58:35.936Z"}
{"level":"info","message":"GET /esocial.js 304 - 3ms - ::1","timestamp":"2026-08-11T21:58:35.937Z"}
{"level":"info","message":"GET /api/soc/eventos-salvos 200 - 416ms - ::1","timestamp":"2026-08-11T21:58:38.166Z"}
{"level":"info","message":"GET /api/soc/status-integracao 304 - 263ms - ::1","timestamp":"2026-08-11T21:58:38.434Z"}
{"level":"info","message":"POST /api/soc/buscar-dados-esocial 200 - 16066ms - ::1","timestamp":"2026-08-11T21:59:03.264Z"}
{"level":"info","message":"GET /api/soc/eventos-salvos 200 - 274ms - ::1","timestamp":"2026-08-11T21:59:03.547Z"}
{"level":"info","message":"SIGINT recebido. Encerrando servidor...","timestamp":"2026-08-11T22:07:53.026Z"}
{"level":"info","message":"Servidor rodando na porta 3002","timestamp":"2026-08-11T22:07:57.377Z"}
{"level":"info","message":"Ambiente: development","timestamp":"2026-08-11T22:07:57.381Z"}
{"level":"info","message":"eSocial Ambiente: homologacao","timestamp":"2026-08-11T22:07:57.381Z"}
{"level":"info","message":"GET / 304 - 7ms - ::1","timestamp":"2026-08-11T22:08:07.334Z"}
{"level":"info","message":"GET /app.js 304 - 3ms - ::1","timestamp":"2026-08-11T22:08:07.351Z"}
{"level":"info","message":"GET /esocial.js 304 - 2ms - ::1","timestamp":"2026-08-11T22:08:07.352Z"}
{"level":"info","message":"GET /api/soc/eventos-salvos 500 - 12ms - ::1","timestamp":"2026-08-11T22:08:09.105Z"}
{"level":"info","message":"GET /api/soc/status-integracao 304 - 392ms - ::1","timestamp":"2026-08-11T22:08:09.503Z"}
{"level":"info","message":"GET / 304 - 0ms - ::1","timestamp":"2026-08-11T22:08:13.546Z"}
{"level":"info","message":"GET /app.js 304 - 2ms - ::1","timestamp":"2026-08-11T22:08:13.558Z"}
{"level":"info","message":"GET /esocial.js 304 - 3ms - ::1","timestamp":"2026-08-11T22:08:13.560Z"}
{"level":"info","message":"GET /api/soc/eventos-salvos 500 - 2ms - ::1","timestamp":"2026-08-11T22:08:15.166Z"}
{"level":"info","message":"GET /api/soc/status-integracao 304 - 200ms - ::1","timestamp":"2026-08-11T22:08:15.369Z"}
{"level":"info","message":"GET / 304 - 1ms - ::1","timestamp":"2026-08-11T22:08:31.251Z"}
{"level":"info","message":"GET /app.js 304 - 1ms - ::1","timestamp":"2026-08-11T22:08:31.261Z"}
{"level":"info","message":"GET /esocial.js 304 - 2ms - ::1","timestamp":"2026-08-11T22:08:31.263Z"}
{"level":"info","message":"GET /api/soc/eventos-salvos 500 - 1ms - ::1","timestamp":"2026-08-11T22:08:34.975Z"}
{"level":"info","message":"GET /api/soc/status-integracao 304 - 177ms - ::1","timestamp":"2026-08-11T22:08:35.156Z"}
{"level":"info","message":"GET / 304 - 0ms - ::1","timestamp":"2026-08-11T22:08:44.800Z"}
{"level":"info","message":"GET /app.js 304 - 1ms - ::1","timestamp":"2026-08-11T22:08:44.813Z"}
{"level":"info","message":"GET /esocial.js 304 - 1ms - ::1","timestamp":"2026-08-11T22:08:44.814Z"}
{"level":"info","message":"GET /api/soc/eventos-salvos 500 - 2ms - ::1","timestamp":"2026-08-11T22:08:46.452Z"}
{"level":"info","message":"GET /api/soc/status-integracao 304 - 180ms - ::1","timestamp":"2026-08-11T22:08:46.635Z"}
{"level":"info","message":"SIGINT recebido. Encerrando servidor...","timestamp":"2026-08-11T22:09:04.770Z"}
{"level":"info","message":"Servidor rodando na porta 3002","timestamp":"2026-08-11T22:09:11.231Z"}
{"level":"info","message":"Ambiente: development","timestamp":"2026-08-11T22:09:11.234Z"}
{"level":"info","message":"eSocial Ambiente: homologacao","timestamp":"2026-08-11T22:09:11.234Z"}
{"level":"info","message":"GET / 304 - 3ms - ::1","timestamp":"2026-08-11T22:09:13.399Z"}
{"level":"info","message":"GET /app.js 304 - 1ms - ::1","timestamp":"2026-08-11T22:09:13.413Z"}
{"level":"info","message":"GET /esocial.js 304 - 2ms - ::1","timestamp":"2026-08-11T22:09:13.414Z"}
{"level":"info","message":"GET /api/soc/eventos-salvos 200 - 595ms - ::1","timestamp":"2026-08-11T22:09:15.174Z"}
{"level":"info","message":"GET /api/soc/status-integracao 304 - 259ms - ::1","timestamp":"2026-08-11T22:09:15.436Z"}
{"level":"info","message":"SIGINT recebido. Encerrando servidor...","timestamp":"2026-08-11T22:15:55.481Z"}
{"level":"info","message":"Servidor rodando na porta 3002","timestamp":"2026-08-11T22:15:59.054Z"}
{"level":"info","message":"Ambiente: development","timestamp":"2026-08-11T22:15:59.057Z"}
{"level":"info","message":"eSocial Ambiente: homologacao","timestamp":"2026-08-11T22:15:59.058Z"}
{"level":"info","message":"GET / 304 - 5ms - ::1","timestamp":"2026-08-11T22:16:04.660Z"}
{"level":"info","message":"GET /app.js 304 - 2ms - ::1","timestamp":"2026-08-11T22:16:04.678Z"}
{"level":"info","message":"GET /esocial.js 200 - 8ms - ::1","timestamp":"2026-08-11T22:16:04.685Z"}
{"level":"info","message":"GET /api/soc/eventos-salvos 304 - 553ms - ::1","timestamp":"2026-08-11T22:16:06.971Z"}
{"level":"info","message":"GET /api/soc/status-integracao 304 - 315ms - ::1","timestamp":"2026-08-11T22:16:07.290Z"}
{"level":"info","message":"GET /.well-known/appspecific/com.chrome.devtools.json 404 - 3ms - ::1","timestamp":"2026-08-11T22:16:41.446Z"}
{"level":"info","message":"POST /api/soc/buscar-dados-esocial 200 - 54202ms - ::1","timestamp":"2026-08-11T22:17:09.309Z"}
{"level":"info","message":"GET /api/soc/eventos-salvos 200 - 330ms - ::1","timestamp":"2026-08-11T22:17:09.650Z"}
{"level":"info","message":"SIGINT recebido. Encerrando servidor...","timestamp":"2026-08-11T22:21:37.075Z"}
{"level":"info","message":"Servidor rodando na porta 3002","timestamp":"2026-08-11T22:21:40.451Z"}
{"level":"info","message":"Ambiente: development","timestamp":"2026-08-11T22:21:40.454Z"}
{"level":"info","message":"eSocial Ambiente: homologacao","timestamp":"2026-08-11T22:21:40.455Z"}
{"level":"info","message":"POST /api/soc/exporta-dados 200 - 396ms - ::1","timestamp":"2026-08-11T22:21:53.887Z"}
{"level":"info","message":"SIGINT recebido. Encerrando servidor...","timestamp":"2026-08-11T22:24:47.034Z"}
{"level":"info","message":"Servidor rodando na porta 3002","timestamp":"2026-08-11T22:24:56.526Z"}
{"level":"info","message":"Ambiente: development","timestamp":"2026-08-11T22:24:56.529Z"}
{"level":"info","message":"eSocial Ambiente: homologacao","timestamp":"2026-08-11T22:24:56.530Z"}
{"level":"info","message":"GET / 304 - 7ms - ::1","timestamp":"2026-08-11T22:25:08.834Z"}
{"level":"info","message":"GET /app.js 304 - 1ms - ::1","timestamp":"2026-08-11T22:25:08.845Z"}
{"level":"info","message":"GET /esocial.js 304 - 2ms - ::1","timestamp":"2026-08-11T22:25:08.847Z"}
{"level":"info","message":"GET /api/soc/eventos-salvos 200 - 579ms - ::1","timestamp":"2026-08-11T22:25:11.624Z"}
{"level":"info","message":"GET /api/soc/status-integracao 304 - 383ms - ::1","timestamp":"2026-08-11T22:25:12.011Z"}
{"level":"info","message":"POST /api/soc/buscar-dados-esocial 200 - 14587ms - ::1","timestamp":"2026-08-11T22:25:35.721Z"}
{"level":"info","message":"GET /api/soc/eventos-salvos 200 - 232ms - ::1","timestamp":"2026-08-11T22:25:35.961Z"}
{"level":"info","message":"SIGINT recebido. Encerrando servidor...","timestamp":"2026-08-11T22:34:04.429Z"}
{"level":"info","message":"Servidor rodando na porta 3002","timestamp":"2026-08-19T14:00:16.773Z"}
{"level":"info","message":"Ambiente: development","timestamp":"2026-08-19T14:00:16.795Z"}
{"level":"info","message":"eSocial Ambiente: homologacao","timestamp":"2026-08-19T14:00:16.796Z"}
{"level":"info","message":"GET /api/soc/eventos-salvos 200 - 664ms - ::1","timestamp":"2026-08-19T14:00:34.589Z"}
{"level":"info","message":"GET /api/soc/status-integracao 200 - 406ms - ::1","timestamp":"2026-08-19T14:00:35.006Z"}
{"level":"info","message":"GET /api/soc/status-integracao 304 - 225ms - ::1","timestamp":"2026-08-19T14:04:09.815Z"}
{"level":"info","message":"GET /api/soc/eventos-salvos 304 - 933ms - ::1","timestamp":"2026-08-19T14:04:10.756Z"}
{"level":"info","message":"GET /api/soc/status-integracao 304 - 249ms - ::1","timestamp":"2026-08-19T14:04:47.415Z"}
{"level":"info","message":"GET /api/soc/eventos-salvos 304 - 343ms - ::1","timestamp":"2026-08-19T14:04:47.766Z"}
{"level":"info","message":"GET /api/soc/status-integracao 304 - 139ms - ::1","timestamp":"2026-08-19T14:04:48.334Z"}
{"level":"info","message":"GET /api/soc/eventos-salvos 304 - 269ms - ::1","timestamp":"2026-08-19T14:04:48.608Z"}
{"level":"info","message":"POST /api/soc/buscar-dados-esocial 200 - 642ms - ::1","timestamp":"2026-08-19T14:05:13.161Z"}
{"level":"info","message":"POST /api/soc/buscar-dados-esocial 200 - 415ms - ::1","timestamp":"2026-08-19T14:05:19.179Z"}
{"level":"info","message":"POST /api/soc/buscar-dados-esocial 200 - 310ms - ::1","timestamp":"2026-08-19T14:05:24.335Z"}
{"level":"info","message":"POST /api/soc/buscar-dados-esocial 200 - 17468ms - ::1","timestamp":"2026-08-19T14:05:44.529Z"}
{"level":"info","message":"GET /api/soc/eventos-salvos 200 - 252ms - ::1","timestamp":"2026-08-19T14:05:44.792Z"}
{"level":"info","message":"POST /api/soc/buscar-dados-esocial 200 - 555ms - ::1","timestamp":"2026-08-19T14:06:44.862Z"}
{"level":"info","message":"SIGINT recebido. Encerrando servidor...","timestamp":"2026-08-19T14:25:51.773Z"}
{"level":"info","message":"Servidor rodando na porta 3002","timestamp":"2026-08-19T14:26:06.877Z"}
{"level":"info","message":"Ambiente: development","timestamp":"2026-08-19T14:26:06.892Z"}
{"level":"info","message":"eSocial Ambiente: homologacao","timestamp":"2026-08-19T14:26:06.893Z"}
{"level":"info","message":"GET /api/soc/eventos-salvos 304 - 606ms - ::1","timestamp":"2026-08-19T14:26:12.708Z"}
{"level":"info","message":"GET /api/soc/status-integracao 304 - 356ms - ::1","timestamp":"2026-08-19T14:26:13.075Z"}
{"level":"info","message":"POST /api/soc/buscar-dados-esocial 200 - 62405ms - ::1","timestamp":"2026-08-19T14:27:27.286Z"}
{"level":"info","message":"GET /api/soc/eventos-salvos 200 - 431ms - ::1","timestamp":"2026-08-19T14:27:27.729Z"}
{"level":"info","message":"SIGINT recebido. Encerrando servidor...","timestamp":"2026-08-19T14:41:44.541Z"}
{"level":"info","message":"Servidor rodando na porta 3002","timestamp":"2026-08-19T14:47:10.955Z"}
{"level":"info","message":"Ambiente: development","timestamp":"2026-08-19T14:47:10.959Z"}
{"level":"info","message":"eSocial Ambiente: 2","timestamp":"2026-08-19T14:47:10.959Z"}
{"level":"info","message":"GET /api/soc/eventos-salvos 200 - 812ms - ::1","timestamp":"2026-08-19T14:47:15.486Z"}
{"level":"info","message":"GET /api/soc/status-integracao 304 - 266ms - ::1","timestamp":"2026-08-19T14:47:15.765Z"}
{"level":"info","message":"SIGINT recebido. Encerrando servidor...","timestamp":"2026-08-19T14:52:46.717Z"}
{"level":"info","message":"Servidor rodando na porta 3002","timestamp":"2026-08-19T14:54:45.190Z"}
{"level":"info","message":"Ambiente: development","timestamp":"2026-08-19T14:54:45.193Z"}
{"level":"info","message":"eSocial Ambiente: 2","timestamp":"2026-08-19T14:54:45.194Z"}
{"level":"info","message":"GET /api/soc/eventos-salvos 200 - 910ms - ::1","timestamp":"2026-08-19T14:55:01.118Z"}
{"level":"info","message":"GET /api/soc/status-integracao 304 - 435ms - ::1","timestamp":"2026-08-19T14:55:01.564Z"}
{"level":"info","message":"POST /api/soc/buscar-dados-esocial 200 - 15553ms - ::1","timestamp":"2026-08-19T14:55:27.270Z"}
{"level":"info","message":"GET /api/soc/eventos-salvos 200 - 495ms - ::1","timestamp":"2026-08-19T14:55:27.775Z"}
{"level":"info","message":"GET /api/soc/eventos-salvos 304 - 819ms - ::1","timestamp":"2026-08-19T14:57:00.338Z"}
{"level":"info","message":"POST /api/soc/exporta-dados 200 - 339ms - ::1","timestamp":"2026-08-19T14:58:11.326Z"}
{"level":"info","message":"SIGINT recebido. Encerrando servidor...","timestamp":"2026-08-19T15:00:01.410Z"}
{"level":"info","message":"Servidor rodando na porta 3002","timestamp":"2026-08-19T15:00:04.911Z"}
{"level":"info","message":"Ambiente: development","timestamp":"2026-08-19T15:00:04.914Z"}
{"level":"info","message":"eSocial Ambiente: 2","timestamp":"2026-08-19T15:00:04.915Z"}
{"level":"info","message":"POST /api/soc/exporta-dados 200 - 382ms - ::1","timestamp":"2026-08-19T15:00:08.385Z"}
{"level":"info","message":"SIGINT recebido. Encerrando servidor...","timestamp":"2026-08-19T15:01:19.869Z"}
{"level":"info","message":"Servidor rodando na porta 3002","timestamp":"2026-08-19T15:01:26.868Z"}
{"level":"info","message":"Ambiente: development","timestamp":"2026-08-19T15:01:26.871Z"}
{"level":"info","message":"eSocial Ambiente: 2","timestamp":"2026-08-19T15:01:26.872Z"}
{"level":"info","message":"POST /api/soc/buscar-dados-esocial 200 - 4768ms - ::1","timestamp":"2026-08-19T15:02:06.617Z"}
{"level":"info","message":"SIGINT recebido. Encerrando servidor...","timestamp":"2026-08-19T15:06:29.889Z"}
{"level":"info","message":"Servidor rodando na porta 3002","timestamp":"2026-08-19T15:06:34.500Z"}
{"level":"info","message":"Ambiente: development","timestamp":"2026-08-19T15:06:34.503Z"}
{"level":"info","message":"eSocial Ambiente: 2","timestamp":"2026-08-19T15:06:34.504Z"}
{"level":"info","message":"GET /api/soc/evento-xml/386 200 - 408ms - ::1","timestamp":"2026-08-19T15:06:43.636Z"}
{"level":"info","message":"SIGINT recebido. Encerrando servidor...","timestamp":"2026-08-19T15:09:28.205Z"}
{"level":"info","message":"Servidor rodando na porta 3002","timestamp":"2026-08-19T15:09:32.672Z"}
{"level":"info","message":"Ambiente: development","timestamp":"2026-08-19T15:09:32.675Z"}
{"level":"info","message":"eSocial Ambiente: 2","timestamp":"2026-08-19T15:09:32.675Z"}
{"level":"info","message":"SIGINT recebido. Encerrando servidor...","timestamp":"2026-08-19T15:09:54.303Z"}
{"level":"info","message":"Servidor rodando na porta 3002","timestamp":"2026-08-19T15:10:01.930Z"}
{"level":"info","message":"Ambiente: development","timestamp":"2026-08-19T15:10:01.934Z"}
{"level":"info","message":"eSocial Ambiente: 2","timestamp":"2026-08-19T15:10:01.934Z"}
{"level":"info","message":"GET /api/soc/evento-xml/386 200 - 727ms - ::1","timestamp":"2026-08-19T15:10:07.577Z"}
{"level":"info","message":"SIGINT recebido. Encerrando servidor...","timestamp":"2026-08-19T15:31:54.237Z"}
{"level":"info","message":"Servidor rodando na porta 3002","timestamp":"2026-08-19T15:32:00.233Z"}
{"level":"info","message":"Ambiente: development","timestamp":"2026-08-19T15:32:00.237Z"}
{"level":"info","message":"eSocial Ambiente: 2","timestamp":"2026-08-19T15:32:00.237Z"}
{"level":"info","message":"POST /api/soc/assinar-evento/386 500 - 852ms - ::1","timestamp":"2026-08-19T15:32:06.635Z"}
{"level":"info","message":"SIGINT recebido. Encerrando servidor...","timestamp":"2026-08-19T15:34:25.874Z"}
{"level":"info","message":"Servidor rodando na porta 3002","timestamp":"2026-08-19T15:34:31.257Z"}
{"level":"info","message":"Ambiente: development","timestamp":"2026-08-19T15:34:31.261Z"}
{"level":"info","message":"eSocial Ambiente: 2","timestamp":"2026-08-19T15:34:31.261Z"}
{"level":"info","message":"POST /api/soc/assinar-evento/386 200 - 818ms - ::1","timestamp":"2026-08-19T15:34:38.351Z"}
{"level":"info","message":"SIGINT recebido. Encerrando servidor...","timestamp":"2026-08-19T15:41:08.099Z"}
{"level":"info","message":"Servidor rodando na porta 3002","timestamp":"2026-08-19T15:41:12.449Z"}
{"level":"info","message":"Ambiente: development","timestamp":"2026-08-19T15:41:12.452Z"}
{"level":"info","message":"eSocial Ambiente: 2","timestamp":"2026-08-19T15:41:12.453Z"}
{"level":"info","message":"POST /api/soc/validar-xsd/386 200 - 845ms - ::1","timestamp":"2026-08-19T15:41:21.985Z"}
{"level":"info","message":"SIGINT recebido. Encerrando servidor...","timestamp":"2026-08-19T15:49:33.364Z"}
{"level":"info","message":"Servidor rodando na porta 3002","timestamp":"2026-08-19T15:49:37.981Z"}
{"level":"info","message":"Ambiente: development","timestamp":"2026-08-19T15:49:37.985Z"}
{"level":"info","message":"eSocial Ambiente: 2","timestamp":"2026-08-19T15:49:37.985Z"}
{"level":"info","message":"POST /api/soc/enviar-evento-esocial/386 422 - 1385ms - ::1","timestamp":"2026-08-19T15:49:44.985Z"}
{"level":"info","message":"SIGINT recebido. Encerrando servidor...","timestamp":"2026-08-19T15:53:35.263Z"}
{"level":"info","message":"Servidor rodando na porta 3002","timestamp":"2026-08-19T15:53:40.953Z"}
{"level":"info","message":"Ambiente: development","timestamp":"2026-08-19T15:53:40.956Z"}
{"level":"info","message":"eSocial Ambiente: 2","timestamp":"2026-08-19T15:53:40.957Z"}
{"level":"info","message":"POST /api/soc/enviar-evento-esocial/386 200 - 1077ms - ::1","timestamp":"2026-08-19T15:53:45.249Z"}
{"level":"info","message":"GET /api/soc/eventos-salvos 200 - 786ms - ::1","timestamp":"2026-08-19T15:56:21.744Z"}
{"level":"info","message":"GET /api/soc/status-integracao 304 - 309ms - ::1","timestamp":"2026-08-19T15:56:22.063Z"}
{"level":"info","message":"SIGINT recebido. Encerrando servidor...","timestamp":"2026-08-19T15:57:08.262Z"}
{"level":"info","message":"Servidor rodando na porta 3002","timestamp":"2026-08-19T15:57:12.881Z"}
{"level":"info","message":"Ambiente: development","timestamp":"2026-08-19T15:57:12.884Z"}
{"level":"info","message":"eSocial Ambiente: 2","timestamp":"2026-08-19T15:57:12.885Z"}
{"level":"info","message":"POST /api/soc/consultar-lote-esocial/386 422 - 6222ms - ::1","timestamp":"2026-08-19T15:57:24.496Z"}
{"level":"info","message":"GET /api/soc/eventos-salvos 200 - 1027ms - ::1","timestamp":"2026-08-19T16:35:58.757Z"}
{"level":"info","message":"GET /api/soc/status-integracao 304 - 569ms - ::1","timestamp":"2026-08-19T16:35:59.337Z"}
{"level":"info","message":"POST /api/soc/buscar-dados-esocial 200 - 16863ms - ::1","timestamp":"2026-08-19T16:36:27.354Z"}
{"level":"info","message":"GET /api/soc/eventos-salvos 200 - 462ms - ::1","timestamp":"2026-08-19T16:36:27.826Z"}
{"level":"info","message":"SIGINT recebido. Encerrando servidor...","timestamp":"2026-08-19T17:22:07.040Z"}
{"level":"info","message":"Servidor rodando na porta 3002","timestamp":"2026-08-19T17:22:20.388Z"}
{"level":"info","message":"Ambiente: development","timestamp":"2026-08-19T17:22:20.395Z"}
{"level":"info","message":"eSocial Ambiente: 2","timestamp":"2026-08-19T17:22:20.396Z"}
{"level":"info","message":"POST /api/soc/buscar-dados-esocial 500 - 2000ms - ::1","timestamp":"2026-08-19T17:22:29.467Z"}
{"level":"info","message":"SIGINT recebido. Encerrando servidor...","timestamp":"2026-08-19T17:23:55.290Z"}
{"level":"info","message":"Servidor rodando na porta 3002","timestamp":"2026-08-19T17:24:04.537Z"}
{"level":"info","message":"Ambiente: development","timestamp":"2026-08-19T17:24:04.540Z"}
{"level":"info","message":"eSocial Ambiente: 2","timestamp":"2026-08-19T17:24:04.540Z"}
{"level":"info","message":"POST /api/soc/buscar-dados-esocial 200 - 3699ms - ::1","timestamp":"2026-08-19T17:24:15.795Z"}
{"level":"info","message":"GET /api/soc/eventos-salvos 200 - 824ms - ::1","timestamp":"2026-08-19T17:29:36.395Z"}
{"level":"info","message":"GET /api/soc/status-integracao 304 - 237ms - ::1","timestamp":"2026-08-19T17:29:36.646Z"}
{"level":"info","message":"GET /api/soc/eventos-salvos?status=sucesso 200 - 313ms - ::1","timestamp":"2026-08-19T17:29:40.594Z"}
{"level":"info","message":"GET /api/soc/eventos-salvos 304 - 1331ms - ::1","timestamp":"2026-08-19T17:32:30.515Z"}
{"level":"info","message":"POST /api/soc/buscar-dados-esocial 200 - 50570ms - ::1","timestamp":"2026-08-19T17:33:35.349Z"}
{"level":"info","message":"GET /api/soc/eventos-salvos 200 - 702ms - ::1","timestamp":"2026-08-19T17:33:36.062Z"}
{"level":"info","message":"GET /api/soc/status-integracao 304 - 301ms - ::1","timestamp":"2026-08-19T17:35:40.442Z"}
{"level":"info","message":"GET /api/soc/status-integracao 304 - 108ms - ::1","timestamp":"2026-08-19T17:35:41.228Z"}
{"level":"info","message":"GET /api/soc/eventos-salvos 304 - 1331ms - ::1","timestamp":"2026-08-19T17:35:41.780Z"}
{"level":"info","message":"GET /api/soc/eventos-salvos 304 - 656ms - ::1","timestamp":"2026-08-19T17:35:42.438Z"}
{"level":"info","message":"POST /api/soc/buscar-dados-esocial 200 - 5393ms - ::1","timestamp":"2026-08-19T18:13:41.005Z"}
{"level":"info","message":"POST /api/soc/evento-xml/307 404 - 6ms - ::1","timestamp":"2026-08-19T18:17:23.797Z"}
{"level":"info","message":"POST /api/soc/evento-xml/307 404 - 1ms - ::1","timestamp":"2026-08-19T18:18:37.369Z"}
{"level":"info","message":"POST /api/soc/evento-xml/307 404 - 1ms - ::1","timestamp":"2026-08-19T18:18:53.518Z"}
{"level":"info","message":"POST /api/soc/evento-xml/307 404 - 1ms - ::1","timestamp":"2026-08-19T18:18:59.039Z"}
{"level":"info","message":"GET /api/soc/evento-xml/307 500 - 1038ms - ::1","timestamp":"2026-08-19T18:21:46.276Z"}
{"level":"info","message":"GET /api/soc/evento-xml/307 500 - 382ms - ::1","timestamp":"2026-08-19T18:21:58.139Z"}
{"level":"info","message":"GET /api/soc/evento-xml/307 500 - 670ms - ::1","timestamp":"2026-08-19T18:28:47.433Z"}
{"level":"info","message":"GET /api/soc/eventos-salvos 200 - 1368ms - ::1","timestamp":"2026-08-19T18:34:01.448Z"}
{"level":"info","message":"GET /api/soc/status-integracao 304 - 326ms - ::1","timestamp":"2026-08-19T18:34:01.787Z"}
{"level":"info","message":"GET /api/soc/evento-xml/303 200 - 861ms - ::1","timestamp":"2026-08-19T18:42:14.872Z"}
{"level":"info","message":"POST /api/soc/assinar-evento/303 200 - 755ms - ::1","timestamp":"2026-08-19T18:42:58.589Z"}
{"level":"info","message":"POST /api/soc/validar-xsd/303 200 - 815ms - ::1","timestamp":"2026-08-19T18:43:12.316Z"}
{"level":"info","message":"POST /api/soc/enviar-evento-esocial/303 200 - 1226ms - ::1","timestamp":"2026-08-19T18:43:46.724Z"}
{"level":"info","message":"POST /api/soc/consultar-lote-esocial/303 422 - 665ms - ::1","timestamp":"2026-08-19T18:44:11.301Z"}
{"level":"info","message":"POST /api/soc/consultar-lote-esocial/303 422 - 1801ms - ::1","timestamp":"2026-08-19T19:09:48.834Z"}
{"level":"info","message":"GET /api/soc/eventos-salvos 200 - 1082ms - ::1","timestamp":"2026-08-19T19:16:27.236Z"}
{"level":"info","message":"GET /api/soc/status-integracao 304 - 278ms - ::1","timestamp":"2026-08-19T19:16:27.526Z"}
{"level":"info","message":"SIGINT recebido. Encerrando servidor...","timestamp":"2026-08-19T19:45:24.118Z"}
{"level":"info","message":"Servidor rodando na porta 3002","timestamp":"2026-08-19T19:45:29.911Z"}
{"level":"info","message":"Ambiente: development","timestamp":"2026-08-19T19:45:29.915Z"}
{"level":"info","message":"eSocial Ambiente: 2","timestamp":"2026-08-19T19:45:29.915Z"}
{"level":"info","message":"POST /api/soc/sincronizar-esocial-existente/303 422 - 2011ms - ::1","timestamp":"2026-08-19T19:45:39.856Z"}
{"level":"info","message":"SIGINT recebido. Encerrando servidor...","timestamp":"2026-08-19T19:51:11.916Z"}
{"level":"info","message":"Servidor rodando na porta 3002","timestamp":"2026-08-19T19:51:16.927Z"}
{"level":"info","message":"Ambiente: development","timestamp":"2026-08-19T19:51:16.931Z"}
{"level":"info","message":"eSocial Ambiente: 2","timestamp":"2026-08-19T19:51:16.931Z"}
{"level":"info","message":"POST /api/soc/sincronizar-esocial-existente/303 500 - 1336ms - ::1","timestamp":"2026-08-19T19:51:24.377Z"}
{"level":"info","message":"POST /api/soc/sincronizar-esocial-existente/303 500 - 851ms - ::1","timestamp":"2026-08-19T19:53:16.142Z"}
{"level":"info","message":"POST /api/soc/sincronizar-esocial-existente/303 500 - 629ms - ::1","timestamp":"2026-08-19T19:53:58.202Z"}
{"level":"info","message":"SIGINT recebido. Encerrando servidor...","timestamp":"2026-08-19T19:58:32.956Z"}
{"level":"info","message":"Servidor rodando na porta 3002","timestamp":"2026-08-19T19:58:37.767Z"}
{"level":"info","message":"Ambiente: development","timestamp":"2026-08-19T19:58:37.771Z"}
{"level":"info","message":"eSocial Ambiente: 2","timestamp":"2026-08-19T19:58:37.771Z"}
{"level":"info","message":"POST /api/soc/sincronizar-esocial-existente/303 500 - 1268ms - ::1","timestamp":"2026-08-19T19:58:45.981Z"}
{"level":"info","message":"SIGINT recebido. Encerrando servidor...","timestamp":"2026-08-19T20:01:29.275Z"}
{"level":"info","message":"Servidor rodando na porta 3002","timestamp":"2026-08-19T20:01:36.308Z"}
{"level":"info","message":"Ambiente: development","timestamp":"2026-08-19T20:01:36.311Z"}
{"level":"info","message":"eSocial Ambiente: 2","timestamp":"2026-08-19T20:01:36.312Z"}
{"level":"info","message":"POST /api/soc/sincronizar-esocial-existente/303 500 - 943ms - ::1","timestamp":"2026-08-19T20:01:40.901Z"}
{"level":"info","message":"SIGINT recebido. Encerrando servidor...","timestamp":"2026-08-19T20:07:00.769Z"}
{"level":"info","message":"Servidor rodando na porta 3002","timestamp":"2026-08-19T20:07:07.013Z"}
{"level":"info","message":"Ambiente: development","timestamp":"2026-08-19T20:07:07.016Z"}
{"level":"info","message":"eSocial Ambiente: 2","timestamp":"2026-08-19T20:07:07.017Z"}
{"level":"info","message":"POST /api/soc/sincronizar-esocial-existente/303 422 - 1545ms - ::1","timestamp":"2026-08-19T20:07:12.588Z"}
{"level":"info","message":"SIGINT recebido. Encerrando servidor...","timestamp":"2026-08-19T20:09:14.922Z"}
{"level":"info","message":"Servidor rodando na porta 3002","timestamp":"2026-08-19T20:09:20.259Z"}
{"level":"info","message":"Ambiente: development","timestamp":"2026-08-19T20:09:20.262Z"}
{"level":"info","message":"eSocial Ambiente: 2","timestamp":"2026-08-19T20:09:20.263Z"}
{"level":"info","message":"POST /api/soc/sincronizar-esocial-existente/303 422 - 881ms - ::1","timestamp":"2026-08-19T20:09:24.767Z"}
{"level":"info","message":"SIGINT recebido. Encerrando servidor...","timestamp":"2026-08-19T20:11:32.739Z"}
{"level":"info","message":"Servidor rodando na porta 3002","timestamp":"2026-08-19T20:11:42.130Z"}
{"level":"info","message":"Ambiente: development","timestamp":"2026-08-19T20:11:42.134Z"}
{"level":"info","message":"eSocial Ambiente: 2","timestamp":"2026-08-19T20:11:42.134Z"}
{"level":"info","message":"POST /api/soc/sincronizar-esocial-existente/303 500 - 1373ms - ::1","timestamp":"2026-08-19T20:11:47.060Z"}
{"level":"info","message":"SIGINT recebido. Encerrando servidor...","timestamp":"2026-08-19T20:13:59.880Z"}
{"level":"info","message":"Servidor rodando na porta 3002","timestamp":"2026-08-19T20:14:05.395Z"}
{"level":"info","message":"Ambiente: development","timestamp":"2026-08-19T20:14:05.398Z"}
{"level":"info","message":"eSocial Ambiente: 2","timestamp":"2026-08-19T20:14:05.399Z"}
{"level":"info","message":"POST /api/soc/sincronizar-esocial-existente/303 422 - 1540ms - ::1","timestamp":"2026-08-19T20:14:10.246Z"}
{"level":"info","message":"SIGINT recebido. Encerrando servidor...","timestamp":"2026-08-19T20:18:18.008Z"}
{"level":"info","message":"Servidor rodando na porta 3002","timestamp":"2026-08-19T20:18:21.668Z"}
{"level":"info","message":"Ambiente: development","timestamp":"2026-08-19T20:18:21.671Z"}
{"level":"info","message":"eSocial Ambiente: 2","timestamp":"2026-08-19T20:18:21.671Z"}
{"level":"info","message":"POST /api/soc/sincronizar-esocial-existente/303 422 - 1862ms - ::1","timestamp":"2026-08-19T20:18:26.690Z"}
{"level":"info","message":"POST /api/soc/sincronizar-esocial-existente/303 500 - 1321ms - ::1","timestamp":"2026-08-19T20:22:50.048Z"}
{"level":"info","message":"SIGINT recebido. Encerrando servidor...","timestamp":"2026-08-19T20:26:21.163Z"}
{"level":"info","message":"Servidor rodando na porta 3002","timestamp":"2026-08-19T20:26:26.380Z"}
{"level":"info","message":"Ambiente: development","timestamp":"2026-08-19T20:26:26.384Z"}
{"level":"info","message":"eSocial Ambiente: 2","timestamp":"2026-08-19T20:26:26.384Z"}
{"level":"info","message":"POST /api/soc/sincronizar-esocial-existente/303 422 - 1277ms - ::1","timestamp":"2026-08-19T20:26:33.291Z"}
{"level":"info","message":"POST /api/soc/sincronizar-esocial-existente/303 422 - 1227ms - ::1","timestamp":"2026-08-19T20:28:30.971Z"}
{"level":"info","message":"SIGINT recebido. Encerrando servidor...","timestamp":"2026-08-19T20:28:34.730Z"}
{"level":"info","message":"Servidor rodando na porta 3002","timestamp":"2026-08-21T13:52:30.015Z"}
{"level":"info","message":"Ambiente: development","timestamp":"2026-08-21T13:52:30.035Z"}
{"level":"info","message":"eSocial Ambiente: 2","timestamp":"2026-08-21T13:52:30.036Z"}
{"level":"info","message":"POST /api/soc/sincronizar-esocial-existente/303 422 - 2818ms - ::1","timestamp":"2026-08-21T13:55:09.307Z"}
{"level":"info","message":"SIGINT recebido. Encerrando servidor...","timestamp":"2026-08-21T13:57:21.179Z"}
{"level":"info","message":"Servidor rodando na porta 3002","timestamp":"2026-08-21T13:57:30.975Z"}
{"level":"info","message":"Ambiente: development","timestamp":"2026-08-21T13:57:30.978Z"}
{"level":"info","message":"eSocial Ambiente: 2","timestamp":"2026-08-21T13:57:30.979Z"}
{"level":"info","message":"POST /api/soc/teste-download-esocial-id/303 200 - 1349ms - ::1","timestamp":"2026-08-21T13:57:41.469Z"}
{"level":"info","message":"SIGINT recebido. Encerrando servidor...","timestamp":"2026-08-21T14:04:37.846Z"}
{"level":"info","message":"Servidor rodando na porta 3002","timestamp":"2026-08-21T14:04:44.646Z"}
{"level":"info","message":"Ambiente: development","timestamp":"2026-08-21T14:04:44.650Z"}
{"level":"info","message":"eSocial Ambiente: 2","timestamp":"2026-08-21T14:04:44.651Z"}
{"level":"info","message":"POST /api/soc/sincronizar-esocial-existente/303 200 - 2628ms - ::1","timestamp":"2026-08-21T14:04:52.956Z"}
{"level":"info","message":"SIGINT recebido. Encerrando servidor...","timestamp":"2026-08-21T14:08:01.135Z"}
{"level":"info","message":"Servidor rodando na porta 3002","timestamp":"2026-08-21T14:08:05.823Z"}
{"level":"info","message":"Ambiente: development","timestamp":"2026-08-21T14:08:05.826Z"}
{"level":"info","message":"eSocial Ambiente: 2","timestamp":"2026-08-21T14:08:05.827Z"}
{"level":"info","message":"POST /api/soc/sincronizar-esocial-existente/303 200 - 6444ms - ::1","timestamp":"2026-08-21T14:08:16.769Z"}
{"level":"info","message":"SIGINT recebido. Encerrando servidor...","timestamp":"2026-08-21T14:09:06.825Z"}
{"level":"info","message":"Servidor rodando na porta 3002","timestamp":"2026-08-21T14:09:11.865Z"}
{"level":"info","message":"Ambiente: development","timestamp":"2026-08-21T14:09:11.868Z"}
{"level":"info","message":"eSocial Ambiente: 2","timestamp":"2026-08-21T14:09:11.869Z"}
{"level":"info","message":"POST /api/soc/sincronizar-esocial-existente/303 200 - 6827ms - ::1","timestamp":"2026-08-21T14:09:21.634Z"}
{"level":"info","message":"SIGINT recebido. Encerrando servidor...","timestamp":"2026-08-21T14:46:55.239Z"}
{"level":"info","message":"Servidor rodando na porta 3002","timestamp":"2026-08-21T14:47:00.201Z"}
{"level":"info","message":"Ambiente: development","timestamp":"2026-08-21T14:47:00.205Z"}
{"level":"info","message":"eSocial Ambiente: 1","timestamp":"2026-08-21T14:47:00.205Z"}
{"level":"info","message":"POST /api/soc/enviar-evento-esocial/303 409 - 678ms - ::1","timestamp":"2026-08-21T14:47:04.953Z"}
{"level":"info","message":"SIGINT recebido. Encerrando servidor...","timestamp":"2026-08-21T14:50:27.778Z"}
{"level":"info","message":"Servidor rodando na porta 3002","timestamp":"2026-08-21T14:50:32.366Z"}
{"level":"info","message":"Ambiente: development","timestamp":"2026-08-21T14:50:32.369Z"}
{"level":"info","message":"eSocial Ambiente: 1","timestamp":"2026-08-21T14:50:32.370Z"}
{"level":"info","message":"POST /api/soc/consultar-lote-esocial/303 500 - 721ms - ::1","timestamp":"2026-08-21T14:50:36.577Z"}
{"level":"info","message":"SIGINT recebido. Encerrando servidor...","timestamp":"2026-08-21T15:24:13.035Z"}
{"level":"info","message":"Servidor rodando na porta 3002","timestamp":"2026-08-21T15:24:18.557Z"}
{"level":"info","message":"Ambiente: development","timestamp":"2026-08-21T15:24:18.561Z"}
{"level":"info","message":"eSocial Ambiente: 1","timestamp":"2026-08-21T15:24:18.562Z"}
{"level":"info","message":"POST /api/soc/consultar-lote-esocial/303 422 - 2263ms - ::1","timestamp":"2026-08-21T15:24:32.556Z"}
{"level":"info","message":"SIGINT recebido. Encerrando servidor...","timestamp":"2026-08-21T15:26:51.336Z"}
{"level":"info","message":"Servidor rodando na porta 3002","timestamp":"2026-08-21T15:26:55.953Z"}
{"level":"info","message":"Ambiente: development","timestamp":"2026-08-21T15:26:55.956Z"}
{"level":"info","message":"eSocial Ambiente: 1","timestamp":"2026-08-21T15:26:55.956Z"}
{"level":"info","message":"GET /api/soc/eventos-salvos 200 - 1388ms - ::1","timestamp":"2026-08-21T15:27:00.232Z"}
{"level":"info","message":"SIGINT recebido. Encerrando servidor...","timestamp":"2026-08-21T15:29:29.124Z"}
{"level":"info","message":"Servidor rodando na porta 3002","timestamp":"2026-08-21T15:29:33.330Z"}
{"level":"info","message":"Ambiente: development","timestamp":"2026-08-21T15:29:33.333Z"}
{"level":"info","message":"eSocial Ambiente: 1","timestamp":"2026-08-21T15:29:33.334Z"}
{"level":"info","message":"GET /api/soc/eventos-salvos 200 - 1050ms - ::1","timestamp":"2026-08-21T15:29:45.256Z"}
{"level":"info","message":"GET /api/soc/eventos-salvos 304 - 708ms - ::1","timestamp":"2026-08-21T15:29:47.613Z"}
{"level":"info","message":"GET /api/soc/status-integracao 200 - 120ms - ::1","timestamp":"2026-08-21T15:29:47.745Z"}
{"level":"info","message":"GET /api/soc/status-integracao 304 - 216ms - ::1","timestamp":"2026-08-21T15:30:06.969Z"}
{"level":"info","message":"GET /api/soc/eventos-salvos 304 - 797ms - ::1","timestamp":"2026-08-21T15:30:07.771Z"}
{"level":"info","message":"GET /api/soc/eventos-salvos?status=sucesso 200 - 770ms - ::1","timestamp":"2026-08-21T15:30:22.842Z"}
{"level":"info","message":"GET /api/soc/eventos-salvos 304 - 739ms - ::1","timestamp":"2026-08-21T15:30:32.492Z"}
{"level":"info","message":"GET /api/soc/eventos-salvos 304 - 761ms - ::1","timestamp":"2026-08-21T15:33:03.373Z"}
{"level":"info","message":"GET /api/soc/status-integracao 304 - 226ms - ::1","timestamp":"2026-08-21T15:33:03.615Z"}
{"level":"info","message":"GET /api/soc/eventos-salvos 200 - 376ms - ::1","timestamp":"2026-08-21T15:34:36.897Z"}
{"level":"info","message":"GET /api/soc/status-integracao 304 - 214ms - ::1","timestamp":"2026-08-21T15:34:37.114Z"}
{"level":"info","message":"POST /api/soc/buscar-dados-esocial 200 - 16993ms - ::1","timestamp":"2026-08-21T15:35:03.660Z"}
{"level":"info","message":"GET /api/soc/eventos-salvos 200 - 264ms - ::1","timestamp":"2026-08-21T15:35:03.929Z"}
{"level":"info","message":"POST /api/soc/buscar-dados-esocial 200 - 189533ms - ::1","timestamp":"2026-08-21T15:41:55.889Z"}
{"level":"info","message":"GET /api/soc/eventos-salvos 200 - 847ms - ::1","timestamp":"2026-08-21T15:44:08.788Z"}
{"level":"info","message":"GET /api/soc/status-integracao 304 - 155ms - ::1","timestamp":"2026-08-21T15:44:08.960Z"}
{"level":"info","message":"GET /api/soc/eventos-salvos 200 - 1012ms - ::1","timestamp":"2026-08-21T15:50:07.754Z"}
{"level":"info","message":"POST /api/soc/sincronizar-esocial-existente/769 500 - 733ms - ::1","timestamp":"2026-08-21T15:50:08.713Z"}
{"level":"info","message":"SIGINT recebido. Encerrando servidor...","timestamp":"2026-08-21T16:04:01.903Z"}
{"level":"info","message":"Servidor rodando na porta 3002","timestamp":"2026-08-21T16:04:12.818Z"}
{"level":"info","message":"Ambiente: development","timestamp":"2026-08-21T16:04:12.821Z"}
{"level":"info","message":"eSocial Ambiente: 1","timestamp":"2026-08-21T16:04:12.822Z"}
{"level":"info","message":"GET /api/soc/eventos-salvos 200 - 1101ms - ::1","timestamp":"2026-08-21T16:04:18.360Z"}
{"level":"info","message":"GET /api/soc/status-integracao 304 - 220ms - ::1","timestamp":"2026-08-21T16:04:18.597Z"}
{"level":"info","message":"SIGINT recebido. Encerrando servidor...","timestamp":"2026-08-21T16:13:19.745Z"}
{"level":"info","message":"Servidor rodando na porta 3002","timestamp":"2026-08-21T16:13:24.346Z"}
{"level":"info","message":"Ambiente: development","timestamp":"2026-08-21T16:13:24.351Z"}
{"level":"info","message":"eSocial Ambiente: 1","timestamp":"2026-08-21T16:13:24.351Z"}
{"level":"info","message":"GET /api/soc/eventos-salvos 304 - 1205ms - ::1","timestamp":"2026-08-21T16:13:36.701Z"}
{"level":"info","message":"GET /api/soc/status-integracao 304 - 429ms - ::1","timestamp":"2026-08-21T16:13:37.175Z"}
{"level":"info","message":"POST /api/soc/sincronizar-esocial-existente/789 500 - 901ms - ::1","timestamp":"2026-08-21T16:13:52.641Z"}
{"level":"info","message":"GET /api/soc/eventos-salvos 304 - 724ms - ::1","timestamp":"2026-08-21T16:15:44.763Z"}
{"level":"info","message":"GET /api/soc/status-integracao 304 - 215ms - ::1","timestamp":"2026-08-21T16:15:44.997Z"}
{"level":"info","message":"SIGINT recebido. Encerrando servidor...","timestamp":"2026-08-21T16:16:20.285Z"}
{"level":"info","message":"Servidor rodando na porta 3002","timestamp":"2026-08-21T16:16:30.707Z"}
{"level":"info","message":"Ambiente: development","timestamp":"2026-08-21T16:16:30.710Z"}
{"level":"info","message":"eSocial Ambiente: 1","timestamp":"2026-08-21T16:16:30.711Z"}
{"level":"info","message":"GET /api/soc/eventos-salvos 304 - 792ms - ::1","timestamp":"2026-08-21T16:16:39.193Z"}
{"level":"info","message":"GET /api/soc/status-integracao 304 - 264ms - ::1","timestamp":"2026-08-21T16:16:39.476Z"}
{"level":"info","message":"POST /api/soc/sincronizar-esocial-existente/775 500 - 2910ms - ::1","timestamp":"2026-08-21T16:17:57.075Z"}
{"level":"info","message":"GET /api/soc/eventos-salvos 304 - 796ms - ::1","timestamp":"2026-08-21T16:18:50.061Z"}
{"level":"info","message":"GET /api/soc/status-integracao 304 - 232ms - ::1","timestamp":"2026-08-21T16:18:50.315Z"}
{"level":"info","message":"GET /api/soc/eventos-salvos 304 - 741ms - ::1","timestamp":"2026-08-21T16:18:58.282Z"}
{"level":"info","message":"GET /api/soc/status-integracao 304 - 133ms - ::1","timestamp":"2026-08-21T16:18:58.435Z"}
{"level":"info","message":"GET /api/soc/eventos-salvos 304 - 754ms - ::1","timestamp":"2026-08-21T16:19:15.172Z"}
{"level":"info","message":"GET /api/soc/status-integracao 304 - 164ms - ::1","timestamp":"2026-08-21T16:19:15.357Z"}
{"level":"info","message":"POST /api/soc/sincronizar-esocial-existente/745 500 - 625ms - ::1","timestamp":"2026-08-21T16:19:25.852Z"}
{"level":"info","message":"POST /api/soc/sincronizar-esocial-existente/775 500 - 479ms - ::1","timestamp":"2026-08-21T16:19:43.379Z"}
{"level":"info","message":"SIGINT recebido. Encerrando servidor...","timestamp":"2026-08-21T16:22:21.350Z"}
{"level":"info","message":"Servidor rodando na porta 3002","timestamp":"2026-08-21T16:22:27.166Z"}
{"level":"info","message":"Ambiente: development","timestamp":"2026-08-21T16:22:27.169Z"}
{"level":"info","message":"eSocial Ambiente: 1","timestamp":"2026-08-21T16:22:27.169Z"}
{"level":"info","message":"GET /api/soc/eventos-salvos 304 - 749ms - ::1","timestamp":"2026-08-21T16:22:34.649Z"}
{"level":"info","message":"GET /api/soc/status-integracao 304 - 227ms - ::1","timestamp":"2026-08-21T16:22:34.897Z"}
{"level":"info","message":"POST /api/soc/sincronizar-esocial-existente/775 500 - 753ms - ::1","timestamp":"2026-08-21T16:22:44.467Z"}
{"level":"info","message":"SIGINT recebido. Encerrando servidor...","timestamp":"2026-08-21T16:33:52.680Z"}
{"level":"info","message":"Servidor rodando na porta 3002","timestamp":"2026-08-21T16:33:57.748Z"}
{"level":"info","message":"Ambiente: development","timestamp":"2026-08-21T16:33:57.751Z"}
{"level":"info","message":"eSocial Ambiente: 1","timestamp":"2026-08-21T16:33:57.752Z"}
{"level":"info","message":"GET /api/soc/eventos-salvos 304 - 1200ms - ::1","timestamp":"2026-08-21T16:34:04.424Z"}
{"level":"info","message":"GET /api/soc/status-integracao 304 - 300ms - ::1","timestamp":"2026-08-21T16:34:04.751Z"}
{"level":"info","message":"POST /api/soc/importar-evento-esocial-xml 200 - 1467ms - ::1","timestamp":"2026-08-21T16:34:42.185Z"}
{"level":"info","message":"GET /api/soc/eventos-salvos 200 - 533ms - ::1","timestamp":"2026-08-21T16:34:42.722Z"}
{"level":"info","message":"SIGINT recebido. Encerrando servidor...","timestamp":"2026-08-21T16:47:03.774Z"}
{"level":"info","message":"Servidor rodando na porta 3002","timestamp":"2026-08-21T16:47:10.220Z"}
{"level":"info","message":"Ambiente: development","timestamp":"2026-08-21T16:47:10.229Z"}
{"level":"info","message":"eSocial Ambiente: 1","timestamp":"2026-08-21T16:47:10.230Z"}
{"level":"info","message":"GET /api/soc/eventos-salvos 200 - 1077ms - ::1","timestamp":"2026-08-21T16:47:43.303Z"}
{"level":"info","message":"GET /api/soc/status-integracao 304 - 255ms - ::1","timestamp":"2026-08-21T16:47:43.580Z"}
{"level":"info","message":"GET /api/soc/eventos-salvos 200 - 827ms - ::1","timestamp":"2026-08-21T16:48:10.688Z"}
{"level":"info","message":"SIGINT recebido. Encerrando servidor...","timestamp":"2026-08-21T16:54:01.265Z"}
{"level":"info","message":"Servidor rodando na porta 3002","timestamp":"2026-08-21T16:54:08.275Z"}
{"level":"info","message":"Ambiente: development","timestamp":"2026-08-21T16:54:08.278Z"}
{"level":"info","message":"eSocial Ambiente: 1","timestamp":"2026-08-21T16:54:08.279Z"}
{"level":"info","message":"SIGINT recebido. Encerrando servidor...","timestamp":"2026-08-21T16:58:18.726Z"}
{"level":"info","message":"Servidor rodando na porta 3002","timestamp":"2026-08-21T16:58:24.033Z"}
{"level":"info","message":"Ambiente: development","timestamp":"2026-08-21T16:58:24.037Z"}
{"level":"info","message":"eSocial Ambiente: 1","timestamp":"2026-08-21T16:58:24.038Z"}
{"level":"info","message":"GET /api/soc/diagnostico-6603/769 200 - 1095ms - ::1","timestamp":"2026-08-21T16:58:31.705Z"}
{"level":"info","message":"SIGINT recebido. Encerrando servidor...","timestamp":"2026-08-21T17:03:36.186Z"}
{"level":"info","message":"Servidor rodando na porta 3002","timestamp":"2026-08-21T17:03:41.518Z"}
{"level":"info","message":"Ambiente: development","timestamp":"2026-08-21T17:03:41.523Z"}
{"level":"info","message":"eSocial Ambiente: 1","timestamp":"2026-08-21T17:03:41.523Z"}
{"level":"info","message":"GET /api/soc/eventos-salvos 304 - 1150ms - ::1","timestamp":"2026-08-21T17:03:47.194Z"}
{"level":"info","message":"GET /api/soc/status-integracao 304 - 304ms - ::1","timestamp":"2026-08-21T17:03:47.519Z"}
{"level":"info","message":"GET /api/soc/eventos-salvos 200 - 1550ms - ::1","timestamp":"2026-08-21T17:05:41.055Z"}
{"level":"info","message":"SIGINT recebido. Encerrando servidor...","timestamp":"2026-08-21T17:09:45.788Z"}
{"level":"info","message":"Servidor rodando na porta 3002","timestamp":"2026-08-21T17:09:50.868Z"}
{"level":"info","message":"Ambiente: development","timestamp":"2026-08-21T17:09:50.872Z"}
{"level":"info","message":"eSocial Ambiente: 1","timestamp":"2026-08-21T17:09:50.872Z"}
{"level":"info","message":"GET /api/soc/eventos-salvos 304 - 1021ms - ::1","timestamp":"2026-08-21T17:09:56.154Z"}
{"level":"info","message":"GET /api/soc/status-integracao 304 - 329ms - ::1","timestamp":"2026-08-21T17:09:56.501Z"}
{"level":"info","message":"GET /api/soc/status-integracao 304 - 206ms - ::1","timestamp":"2026-08-21T17:10:07.749Z"}
{"level":"info","message":"GET /api/soc/eventos-salvos 304 - 749ms - ::1","timestamp":"2026-08-21T17:10:08.504Z"}
{"level":"info","message":"GET /api/soc/status-integracao 304 - 160ms - ::1","timestamp":"2026-08-21T17:10:08.540Z"}
{"level":"info","message":"GET /api/soc/eventos-salvos 304 - 716ms - ::1","timestamp":"2026-08-21T17:10:09.260Z"}
{"level":"info","message":"SIGINT recebido. Encerrando servidor...","timestamp":"2026-08-21T17:13:45.570Z"}
{"level":"info","message":"Servidor rodando na porta 3002","timestamp":"2026-08-21T17:13:51.245Z"}
{"level":"info","message":"Ambiente: development","timestamp":"2026-08-21T17:13:51.249Z"}
{"level":"info","message":"eSocial Ambiente: 1","timestamp":"2026-08-21T17:13:51.250Z"}
{"level":"info","message":"GET /api/soc/eventos-salvos 304 - 865ms - ::1","timestamp":"2026-08-21T17:14:14.047Z"}
{"level":"info","message":"GET /api/soc/status-integracao 304 - 308ms - ::1","timestamp":"2026-08-21T17:14:14.371Z"}
{"level":"info","message":"SIGINT recebido. Encerrando servidor...","timestamp":"2026-08-21T17:15:14.733Z"}
{"level":"info","message":"Servidor rodando na porta 3002","timestamp":"2026-08-21T17:15:20.130Z"}
{"level":"info","message":"Ambiente: development","timestamp":"2026-08-21T17:15:20.133Z"}
{"level":"info","message":"eSocial Ambiente: 1","timestamp":"2026-08-21T17:15:20.134Z"}
{"level":"info","message":"GET /api/soc/eventos-salvos 200 - 787ms - ::1","timestamp":"2026-08-21T17:15:24.035Z"}
{"level":"info","message":"POST /api/soc/enviar-evento-esocial/788 403 - 332ms - ::1","timestamp":"2026-08-21T17:16:18.908Z"}
{"level":"info","message":"GET /api/soc/eventos-salvos 200 - 1075ms - ::1","timestamp":"2026-08-21T17:17:00.657Z"}
{"level":"info","message":"SIGINT recebido. Encerrando servidor...","timestamp":"2026-08-21T17:17:55.098Z"}
{"level":"info","message":"Servidor rodando na porta 3002","timestamp":"2026-08-21T17:17:59.143Z"}
{"level":"info","message":"Ambiente: development","timestamp":"2026-08-21T17:17:59.147Z"}
{"level":"info","message":"eSocial Ambiente: 1","timestamp":"2026-08-21T17:17:59.147Z"}
{"level":"info","message":"GET /api/soc/eventos-salvos 200 - 983ms - ::1","timestamp":"2026-08-21T17:18:07.316Z"}
{"level":"info","message":"GET /api/soc/eventos-salvos 304 - 1015ms - ::1","timestamp":"2026-08-21T17:19:47.641Z"}
{"level":"info","message":"GET /api/soc/status-integracao 304 - 343ms - ::1","timestamp":"2026-08-21T17:19:48.002Z"}
{"level":"info","message":"SIGINT recebido. Encerrando servidor...","timestamp":"2026-08-21T17:30:31.265Z"}
{"level":"info","message":"Servidor rodando na porta 3002","timestamp":"2026-08-21T17:30:49.973Z"}
{"level":"info","message":"Ambiente: development","timestamp":"2026-08-21T17:30:49.985Z"}
{"level":"info","message":"eSocial Ambiente: 1","timestamp":"2026-08-21T17:30:49.986Z"}
{"level":"info","message":"GET /api/soc/eventos-salvos 200 - 1132ms - ::1","timestamp":"2026-08-21T17:30:54.384Z"}
{"level":"info","message":"POST /api/soc/exporta-dados 502 - 355ms - ::1","timestamp":"2026-08-21T17:31:34.622Z"}
{"level":"info","message":"SIGINT recebido. Encerrando servidor...","timestamp":"2026-08-21T17:35:24.302Z"}
{"level":"info","message":"Servidor rodando na porta 3002","timestamp":"2026-08-21T17:35:31.275Z"}
{"level":"info","message":"Ambiente: development","timestamp":"2026-08-21T17:35:31.279Z"}
{"level":"info","message":"eSocial Ambiente: 1","timestamp":"2026-08-21T17:35:31.279Z"}
{"level":"info","message":"POST /api/soc/exporta-dados 200 - 491ms - ::1","timestamp":"2026-08-21T17:35:34.757Z"}
{"level":"info","message":"SIGINT recebido. Encerrando servidor...","timestamp":"2026-08-21T17:37:58.893Z"}
{"level":"info","message":"Servidor rodando na porta 3002","timestamp":"2026-08-21T17:38:03.882Z"}
{"level":"info","message":"Ambiente: development","timestamp":"2026-08-21T17:38:03.886Z"}
{"level":"info","message":"eSocial Ambiente: 1","timestamp":"2026-08-21T17:38:03.887Z"}
{"level":"info","message":"POST /api/soc/exporta-dados 200 - 382ms - ::1","timestamp":"2026-08-21T17:38:08.850Z"}
{"level":"info","message":"SIGINT recebido. Encerrando servidor...","timestamp":"2026-08-21T17:44:39.873Z"}
{"level":"info","message":"Servidor rodando na porta 3002","timestamp":"2026-08-21T17:44:45.237Z"}
{"level":"info","message":"Ambiente: development","timestamp":"2026-08-21T17:44:45.240Z"}
{"level":"info","message":"eSocial Ambiente: 1","timestamp":"2026-08-21T17:44:45.241Z"}
{"level":"info","message":"GET /api/soc/eventos-salvos 200 - 2230ms - ::1","timestamp":"2026-08-21T17:45:30.222Z"}
{"level":"info","message":"POST /api/soc/buscar-dados-esocial 200 - 9859ms - ::1","timestamp":"2026-08-21T17:47:10.733Z"}
{"level":"info","message":"SIGINT recebido. Encerrando servidor...","timestamp":"2026-08-21T17:52:47.284Z"}
{"level":"info","message":"Servidor rodando na porta 3002","timestamp":"2026-08-21T17:52:52.424Z"}
{"level":"info","message":"Ambiente: development","timestamp":"2026-08-21T17:52:52.428Z"}
{"level":"info","message":"eSocial Ambiente: 1","timestamp":"2026-08-21T17:52:52.428Z"}
{"level":"info","message":"POST /api/soc/exporta-dados 200 - 375ms - ::1","timestamp":"2026-08-21T17:52:56.032Z"}
{"level":"info","message":"GET /api/soc/eventos-salvos 200 - 1032ms - ::1","timestamp":"2026-08-21T17:55:17.339Z"}
{"level":"info","message":"POST /api/soc/exporta-dados 200 - 286ms - ::1","timestamp":"2026-08-21T17:56:06.248Z"}
{"level":"info","message":"POST /api/soc/exporta-dados 200 - 289ms - ::1","timestamp":"2026-08-21T17:56:49.182Z"}
{"level":"info","message":"POST /api/soc/exporta-dados 200 - 230ms - ::1","timestamp":"2026-08-21T17:56:49.422Z"}
{"level":"info","message":"SIGINT recebido. Encerrando servidor...","timestamp":"2026-08-21T17:58:33.976Z"}
{"level":"info","message":"Servidor rodando na porta 3002","timestamp":"2026-08-21T17:58:39.719Z"}
{"level":"info","message":"Ambiente: development","timestamp":"2026-08-21T17:58:39.722Z"}
{"level":"info","message":"eSocial Ambiente: 1","timestamp":"2026-08-21T17:58:39.723Z"}
{"level":"info","message":"SIGINT recebido. Encerrando servidor...","timestamp":"2026-08-21T18:00:26.113Z"}
{"level":"info","message":"Servidor rodando na porta 3002","timestamp":"2026-08-21T18:00:31.070Z"}
{"level":"info","message":"Ambiente: development","timestamp":"2026-08-21T18:00:31.073Z"}
{"level":"info","message":"eSocial Ambiente: 1","timestamp":"2026-08-21T18:00:31.074Z"}
{"level":"info","message":"POST /api/soc/exporta-dados 200 - 335ms - ::1","timestamp":"2026-08-21T18:00:38.700Z"}
{"level":"info","message":"POST /api/soc/exporta-dados 200 - 360ms - ::1","timestamp":"2026-08-21T18:01:14.024Z"}
{"level":"info","message":"POST /api/soc/exporta-dados 200 - 185ms - ::1","timestamp":"2026-08-21T18:05:48.710Z"}
{"level":"info","message":"SIGINT recebido. Encerrando servidor...","timestamp":"2026-08-21T18:17:18.832Z"}
{"level":"info","message":"Servidor rodando na porta 3002","timestamp":"2026-08-21T18:17:33.142Z"}
{"level":"info","message":"Ambiente: development","timestamp":"2026-08-21T18:17:33.152Z"}
{"level":"info","message":"eSocial Ambiente: 1","timestamp":"2026-08-21T18:17:33.153Z"}
{"level":"info","message":"GET /api/soc/eventos-salvos 200 - 1075ms - ::1","timestamp":"2026-08-21T18:17:39.015Z"}
{"level":"info","message":"SIGINT recebido. Encerrando servidor...","timestamp":"2026-08-21T18:25:13.779Z"}
{"level":"info","message":"Servidor rodando na porta 3002","timestamp":"2026-08-21T18:25:18.786Z"}
{"level":"info","message":"Ambiente: development","timestamp":"2026-08-21T18:25:18.793Z"}
{"level":"info","message":"eSocial Ambiente: 1","timestamp":"2026-08-21T18:25:18.794Z"}
{"level":"info","message":"POST /api/soc/exporta-dados 502 - 277ms - ::1","timestamp":"2026-08-21T18:25:23.030Z"}
{"level":"info","message":"SIGINT recebido. Encerrando servidor...","timestamp":"2026-08-21T18:29:26.803Z"}
{"level":"info","message":"Servidor rodando na porta 3002","timestamp":"2026-08-21T18:29:31.779Z"}
{"level":"info","message":"Ambiente: development","timestamp":"2026-08-21T18:29:31.783Z"}
{"level":"info","message":"eSocial Ambiente: 1","timestamp":"2026-08-21T18:29:31.783Z"}
{"level":"info","message":"POST /api/soc/exporta-dados 200 - 1383ms - ::1","timestamp":"2026-08-21T18:29:39.702Z"}
{"level":"info","message":"SIGINT recebido. Encerrando servidor...","timestamp":"2026-08-21T18:31:30.797Z"}
{"level":"info","message":"Servidor rodando na porta 3002","timestamp":"2026-08-21T18:31:35.413Z"}
{"level":"info","message":"Ambiente: development","timestamp":"2026-08-21T18:31:35.416Z"}
{"level":"info","message":"eSocial Ambiente: 1","timestamp":"2026-08-21T18:31:35.417Z"}
{"level":"info","message":"POST /api/soc/exporta-dados 200 - 277ms - ::1","timestamp":"2026-08-21T18:31:43.975Z"}
{"level":"info","message":"POST /api/soc/exporta-dados 200 - 308ms - ::1","timestamp":"2026-08-21T18:31:57.696Z"}
{"level":"info","message":"POST /api/soc/exporta-dados 200 - 193ms - ::1","timestamp":"2026-08-21T18:32:28.677Z"}
{"level":"info","message":"POST /api/soc/exporta-dados 200 - 153ms - ::1","timestamp":"2026-08-21T18:32:35.529Z"}
{"level":"info","message":"POST /api/soc/exporta-dados 200 - 1339ms - ::1","timestamp":"2026-08-21T18:34:30.077Z"}
{"level":"info","message":"POST /api/soc/exporta-dados 200 - 261ms - ::1","timestamp":"2026-08-21T18:36:53.859Z"}
{"level":"info","message":"POST /api/soc/exporta-dados 200 - 329ms - ::1","timestamp":"2026-08-21T18:37:41.529Z"}
{"level":"info","message":"POST /api/soc/exporta-dados 200 - 610ms - ::1","timestamp":"2026-08-21T18:37:47.258Z"}
{"level":"info","message":"POST /api/soc/exporta-dados 200 - 523ms - ::1","timestamp":"2026-08-21T18:38:41.221Z"}
{"level":"info","message":"SIGINT recebido. Encerrando servidor...","timestamp":"2026-08-21T18:48:28.473Z"}
{"level":"info","message":"Servidor rodando na porta 3002","timestamp":"2026-08-21T18:48:40.290Z"}
{"level":"info","message":"Ambiente: development","timestamp":"2026-08-21T18:48:40.383Z"}
{"level":"info","message":"eSocial Ambiente: 1","timestamp":"2026-08-21T18:48:40.384Z"}
{"level":"info","message":"GET /api/soc/eventos-salvos 200 - 1174ms - ::1","timestamp":"2026-08-21T18:48:53.121Z"}
{"level":"info","message":"GET /api/soc/status-integracao 304 - 312ms - ::1","timestamp":"2026-08-21T18:48:53.457Z"}
{"level":"info","message":"POST /api/soc/buscar-dados-esocial 200 - 22994ms - ::1","timestamp":"2026-08-21T18:50:12.561Z"}
{"level":"info","message":"GET /api/soc/eventos-salvos 200 - 687ms - ::1","timestamp":"2026-08-21T18:50:13.259Z"}
{"level":"info","message":"GET /api/soc/eventos-salvos 304 - 732ms - ::1","timestamp":"2026-08-21T18:50:32.662Z"}
{"level":"info","message":"GET /api/soc/eventos-salvos 304 - 688ms - ::1","timestamp":"2026-08-21T18:50:33.352Z"}
{"level":"info","message":"GET /api/soc/eventos-salvos 304 - 630ms - ::1","timestamp":"2026-08-21T18:50:33.986Z"}
{"level":"info","message":"GET /api/soc/eventos-salvos 304 - 736ms - ::1","timestamp":"2026-08-21T18:50:48.814Z"}
{"level":"info","message":"GET /api/soc/eventos-salvos 304 - 653ms - ::1","timestamp":"2026-08-21T18:50:49.470Z"}
{"level":"info","message":"GET /api/soc/eventos-salvos 304 - 666ms - ::1","timestamp":"2026-08-21T18:50:50.137Z"}
{"level":"info","message":"GET /api/soc/eventos-salvos 304 - 1389ms - ::1","timestamp":"2026-08-21T18:51:56.509Z"}
{"level":"info","message":"GET /api/soc/eventos-salvos 304 - 786ms - ::1","timestamp":"2026-08-21T18:53:39.535Z"}
{"level":"info","message":"GET /api/soc/status-integracao 304 - 282ms - ::1","timestamp":"2026-08-21T18:53:39.873Z"}
{"level":"info","message":"POST /api/soc/buscar-dados-esocial 200 - 83818ms - ::1","timestamp":"2026-08-21T18:55:13.302Z"}
{"level":"info","message":"GET /api/soc/eventos-salvos 200 - 713ms - ::1","timestamp":"2026-08-21T18:55:14.039Z"}
{"level":"info","message":"SIGINT recebido. Encerrando servidor...","timestamp":"2026-08-21T19:00:37.586Z"}
{"level":"info","message":"Servidor rodando na porta 3002","timestamp":"2026-08-21T19:00:43.449Z"}
{"level":"info","message":"Ambiente: development","timestamp":"2026-08-21T19:00:43.455Z"}
{"level":"info","message":"eSocial Ambiente: 1","timestamp":"2026-08-21T19:00:43.455Z"}
{"level":"info","message":"GET /api/soc/eventos-salvos 304 - 1100ms - ::1","timestamp":"2026-08-21T19:00:48.912Z"}
{"level":"info","message":"GET /api/soc/status-integracao 304 - 269ms - ::1","timestamp":"2026-08-21T19:00:49.207Z"}
{"level":"info","message":"SIGINT recebido. Encerrando servidor...","timestamp":"2026-08-21T19:01:48.709Z"}
{"level":"info","message":"Servidor rodando na porta 3002","timestamp":"2026-08-31T15:35:52.226Z"}
{"level":"info","message":"Ambiente: development","timestamp":"2026-08-31T15:35:52.231Z"}
{"level":"info","message":"eSocial Ambiente: 1","timestamp":"2026-08-31T15:35:52.232Z"}
{"level":"info","message":"GET /api/soc/eventos-salvos 200 - 1241ms - ::1","timestamp":"2026-08-31T15:36:58.630Z"}
{"level":"info","message":"GET /api/soc/status-integracao 200 - 402ms - ::1","timestamp":"2026-08-31T15:36:59.064Z"}
{"level":"info","message":"POST /api/soc/buscar-dados-esocial 200 - 17979ms - ::1","timestamp":"2026-08-31T15:37:30.235Z"}
{"level":"info","message":"GET /api/soc/eventos-salvos 200 - 662ms - ::1","timestamp":"2026-08-31T15:37:30.910Z"}
{"level":"info","message":"GET /api/soc/eventos-salvos?dataInicio=2026-07-16&dataFim=0206-07-16 200 - 769ms - ::1","timestamp":"2026-08-31T15:40:58.061Z"}
{"level":"info","message":"GET /api/soc/eventos-salvos 304 - 869ms - ::1","timestamp":"2026-08-31T15:41:05.280Z"}
{"level":"info","message":"GET /api/soc/eventos-salvos 304 - 690ms - ::1","timestamp":"2026-08-31T15:41:05.972Z"}
{"level":"info","message":"POST /api/soc/buscar-dados-esocial 200 - 946ms - ::1","timestamp":"2026-08-31T15:41:30.031Z"}
{"level":"info","message":"POST /api/soc/buscar-dados-esocial 200 - 16149ms - ::1","timestamp":"2026-08-31T15:42:10.020Z"}
{"level":"info","message":"GET /api/soc/eventos-salvos 200 - 637ms - ::1","timestamp":"2026-08-31T15:42:10.666Z"}
{"level":"info","message":"SIGINT recebido. Encerrando servidor...","timestamp":"2026-08-31T15:49:16.103Z"}
{"level":"info","message":"Servidor rodando na porta 3002","timestamp":"2026-08-31T15:49:21.847Z"}
{"level":"info","message":"Ambiente: development","timestamp":"2026-08-31T15:49:21.854Z"}
{"level":"info","message":"eSocial Ambiente: 1","timestamp":"2026-08-31T15:49:21.855Z"}
{"level":"info","message":"GET /api/soc/eventos-salvos 200 - 1274ms - ::1","timestamp":"2026-08-31T15:49:35.476Z"}
{"level":"info","message":"GET /api/soc/status-integracao 304 - 249ms - ::1","timestamp":"2026-08-31T15:49:35.755Z"}
{"level":"info","message":"GET /api/soc/eventos-salvos 304 - 874ms - ::1","timestamp":"2026-08-31T15:49:55.980Z"}
{"level":"info","message":"GET /api/soc/status-integracao 304 - 215ms - ::1","timestamp":"2026-08-31T15:49:56.213Z"}
{"level":"info","message":"POST /api/soc/buscar-dados-esocial 200 - 14910ms - ::1","timestamp":"2026-08-31T15:50:22.040Z"}
{"level":"info","message":"GET /api/soc/eventos-salvos 200 - 362ms - ::1","timestamp":"2026-08-31T15:50:22.408Z"}
{"level":"info","message":"GET /api/soc/eventos-salvos 200 - 843ms - ::1","timestamp":"2026-08-31T15:50:36.765Z"}
{"level":"info","message":"Servidor rodando na porta 3002","timestamp":"2026-08-31T16:22:11.327Z"}
{"level":"info","message":"Ambiente: development","timestamp":"2026-08-31T16:22:12.328Z"}
{"level":"info","message":"eSocial Ambiente: 1","timestamp":"2026-08-31T16:22:12.329Z"}
{"level":"info","message":"POST /api/soc/exporta-dados 200 - 734ms - ::1","timestamp":"2026-08-31T16:22:32.799Z"}
{"level":"info","message":"POST /api/soc/exporta-dados 200 - 554ms - ::1","timestamp":"2026-08-31T16:25:10.253Z"}
{"level":"info","message":"POST /api/soc/exporta-dados 200 - 545ms - ::1","timestamp":"2026-08-31T16:26:54.267Z"}
{"level":"info","message":"SIGINT recebido. Encerrando servidor...","timestamp":"2026-08-31T16:39:15.846Z"}
{"level":"info","message":"Servidor rodando na porta 3002","timestamp":"2026-08-31T16:39:35.876Z"}
{"level":"info","message":"Ambiente: development","timestamp":"2026-08-31T16:39:35.880Z"}
{"level":"info","message":"eSocial Ambiente: 1","timestamp":"2026-08-31T16:39:35.881Z"}
{"level":"info","message":"POST /api/soc/exporta-dados 200 - 1333ms - ::1","timestamp":"2026-08-31T16:39:40.402Z"}
{"level":"info","message":"SIGINT recebido. Encerrando servidor...","timestamp":"2026-08-31T17:22:31.584Z"}
{"level":"info","message":"Servidor rodando na porta 3002","timestamp":"2026-08-31T17:22:36.949Z"}
{"level":"info","message":"Ambiente: development","timestamp":"2026-08-31T17:22:36.961Z"}
{"level":"info","message":"eSocial Ambiente: 1","timestamp":"2026-08-31T17:22:36.961Z"}
{"level":"info","message":"POST /api/soc/exporta-dados 200 - 533ms - ::1","timestamp":"2026-08-31T17:22:41.516Z"}
{"level":"info","message":"POST /api/soc/exporta-dados 200 - 227ms - ::1","timestamp":"2026-08-31T17:23:45.262Z"}
{"level":"info","message":"SIGINT recebido. Encerrando servidor...","timestamp":"2026-08-31T17:31:18.951Z"}
{"level":"info","message":"Servidor rodando na porta 3002","timestamp":"2026-08-31T17:31:27.701Z"}
{"level":"info","message":"Ambiente: development","timestamp":"2026-08-31T17:31:27.704Z"}
{"level":"info","message":"eSocial Ambiente: 1","timestamp":"2026-08-31T17:31:27.704Z"}
{"level":"info","message":"POST /api/soc/exporta-dados 200 - 293ms - ::1","timestamp":"2026-08-31T17:31:34.263Z"}
{"level":"info","message":"POST /api/soc/exporta-dados 200 - 249ms - ::1","timestamp":"2026-08-31T17:32:14.687Z"}
{"level":"info","message":"SIGINT recebido. Encerrando servidor...","timestamp":"2026-08-31T17:35:11.910Z"}
{"level":"info","message":"Servidor rodando na porta 3002","timestamp":"2026-08-31T17:35:16.778Z"}
{"level":"info","message":"Ambiente: development","timestamp":"2026-08-31T17:35:16.781Z"}
{"level":"info","message":"eSocial Ambiente: 1","timestamp":"2026-08-31T17:35:16.782Z"}
{"level":"info","message":"POST /api/soc/exporta-dados 200 - 469ms - ::1","timestamp":"2026-08-31T17:35:19.698Z"}
{"level":"info","message":"GET /api/soc/eventos-salvos 304 - 1625ms - ::1","timestamp":"2026-08-31T18:06:17.803Z"}
{"level":"info","message":"GET /api/soc/status-integracao 304 - 2016ms - ::1","timestamp":"2026-08-31T18:06:19.842Z"}
{"level":"info","message":"GET /api/soc/eventos-salvos 304 - 1111ms - ::1","timestamp":"2026-08-31T18:06:25.945Z"}
{"level":"info","message":"SIGINT recebido. Encerrando servidor...","timestamp":"2026-08-31T18:31:13.907Z"}
{"level":"info","message":"Servidor rodando na porta 3002","timestamp":"2026-08-31T18:31:19.352Z"}
{"level":"info","message":"Ambiente: development","timestamp":"2026-08-31T18:31:19.357Z"}
{"level":"info","message":"eSocial Ambiente: 1","timestamp":"2026-08-31T18:31:19.357Z"}
{"level":"info","message":"POST /api/soc/sincronizar-esocial-existente/759 500 - 2258ms - ::1","timestamp":"2026-08-31T18:31:27.010Z"}
{"level":"info","message":"POST /api/soc/sincronizar-esocial-existente/759 500 - 703ms - ::1","timestamp":"2026-08-31T18:31:34.111Z"}
{"level":"info","message":"SIGINT recebido. Encerrando servidor...","timestamp":"2026-08-31T18:46:26.244Z"}
{"level":"info","message":"Servidor rodando na porta 3002","timestamp":"2026-08-31T18:46:31.134Z"}
{"level":"info","message":"Ambiente: development","timestamp":"2026-08-31T18:46:31.137Z"}
{"level":"info","message":"eSocial Ambiente: 1","timestamp":"2026-08-31T18:46:31.138Z"}
{"level":"info","message":"GET /api/soc/teste-xml-s2240/760 500 - 1702ms - ::1","timestamp":"2026-08-31T18:46:46.379Z"}
{"level":"info","message":"SIGINT recebido. Encerrando servidor...","timestamp":"2026-08-31T18:48:26.725Z"}
{"level":"info","message":"Servidor rodando na porta 3002","timestamp":"2026-08-31T18:48:31.394Z"}
{"level":"info","message":"Ambiente: development","timestamp":"2026-08-31T18:48:31.397Z"}
{"level":"info","message":"eSocial Ambiente: 1","timestamp":"2026-08-31T18:48:31.398Z"}
{"level":"info","message":"GET /api/soc/teste-xml-s2240/760 500 - 376ms - ::1","timestamp":"2026-08-31T18:48:35.636Z"}
{"level":"info","message":"SIGINT recebido. Encerrando servidor...","timestamp":"2026-08-31T18:52:19.869Z"}
{"level":"info","message":"Servidor rodando na porta 3002","timestamp":"2026-08-31T18:52:26.672Z"}
{"level":"info","message":"Ambiente: development","timestamp":"2026-08-31T18:52:26.676Z"}
{"level":"info","message":"eSocial Ambiente: 1","timestamp":"2026-08-31T18:52:26.676Z"}
{"level":"info","message":"GET /api/soc/teste-xml-s2240/760 500 - 842ms - ::1","timestamp":"2026-08-31T18:52:31.039Z"}
{"level":"info","message":"GET /api/soc/teste-xml-s2240/760 500 - 276ms - ::1","timestamp":"2026-08-31T18:52:32.524Z"}
{"level":"info","message":"SIGINT recebido. Encerrando servidor...","timestamp":"2026-08-31T18:54:30.276Z"}
{"level":"info","message":"Servidor rodando na porta 3002","timestamp":"2026-08-31T18:54:35.078Z"}
{"level":"info","message":"Ambiente: development","timestamp":"2026-08-31T18:54:35.082Z"}
{"level":"info","message":"eSocial Ambiente: 1","timestamp":"2026-08-31T18:54:35.083Z"}
{"level":"info","message":"GET /api/soc/teste-xml-s2240/760 500 - 962ms - ::1","timestamp":"2026-08-31T18:54:42.033Z"}
{"level":"info","message":"POST /api/soc/exporta-dados 502 - 226ms - ::1","timestamp":"2026-08-31T18:58:27.697Z"}
{"level":"info","message":"POST /api/soc/exporta-dados 200 - 2077ms - ::1","timestamp":"2026-08-31T19:03:56.970Z"}
{"level":"info","message":"SIGINT recebido. Encerrando servidor...","timestamp":"2026-08-31T19:18:38.687Z"}
{"level":"info","message":"Servidor rodando na porta 3002","timestamp":"2026-08-31T19:18:43.630Z"}
{"level":"info","message":"Ambiente: development","timestamp":"2026-08-31T19:18:43.634Z"}
{"level":"info","message":"eSocial Ambiente: 1","timestamp":"2026-08-31T19:18:43.635Z"}
{"level":"info","message":"POST /api/soc/reprocessar-dados-s2240/760 200 - 10255ms - ::1","timestamp":"2026-08-31T19:18:56.492Z"}
{"level":"info","message":"POST /api/soc/reprocessar-dados-s2240/760 200 - 6808ms - ::1","timestamp":"2026-08-31T19:19:05.997Z"}
{"level":"info","message":"SIGINT recebido. Encerrando servidor...","timestamp":"2026-08-31T19:22:25.029Z"}
{"level":"info","message":"Servidor rodando na porta 3002","timestamp":"2026-08-31T19:22:29.776Z"}
{"level":"info","message":"Ambiente: development","timestamp":"2026-08-31T19:22:29.779Z"}
{"level":"info","message":"eSocial Ambiente: 1","timestamp":"2026-08-31T19:22:29.779Z"}
{"level":"info","message":"POST /api/soc/reprocessar-dados-s2240/760 200 - 6177ms - ::1","timestamp":"2026-08-31T19:22:40.451Z"}
{"level":"info","message":"SIGINT recebido. Encerrando servidor...","timestamp":"2026-08-31T19:26:21.987Z"}
{"level":"info","message":"Servidor rodando na porta 3002","timestamp":"2026-08-31T19:26:27.477Z"}
{"level":"info","message":"Ambiente: development","timestamp":"2026-08-31T19:26:27.482Z"}
{"level":"info","message":"eSocial Ambiente: 1","timestamp":"2026-08-31T19:26:27.483Z"}
{"level":"info","message":"POST /api/soc/reprocessar-dados-s2240/760 200 - 6742ms - ::1","timestamp":"2026-08-31T19:26:38.176Z"}
{"level":"info","message":"GET /api/soc/teste-xml-s2240/760 500 - 588ms - ::1","timestamp":"2026-08-31T19:27:25.749Z"}
{"level":"info","message":"SIGINT recebido. Encerrando servidor...","timestamp":"2026-08-31T19:32:06.914Z"}
{"level":"info","message":"Servidor rodando na porta 3002","timestamp":"2026-08-31T19:32:14.831Z"}
{"level":"info","message":"Ambiente: development","timestamp":"2026-08-31T19:32:14.835Z"}
{"level":"info","message":"eSocial Ambiente: 1","timestamp":"2026-08-31T19:32:14.835Z"}
{"level":"info","message":"POST /api/soc/reprocessar-dados-s2240/760 200 - 6509ms - ::1","timestamp":"2026-08-31T19:32:24.420Z"}
{"level":"info","message":"GET /api/soc/teste-xml-s2240/760 500 - 927ms - ::1","timestamp":"2026-08-31T19:33:03.503Z"}
{"level":"info","message":"SIGINT recebido. Encerrando servidor...","timestamp":"2026-08-31T19:38:07.944Z"}
{"level":"info","message":"Servidor rodando na porta 3002","timestamp":"2026-08-31T19:38:14.869Z"}
{"level":"info","message":"Ambiente: development","timestamp":"2026-08-31T19:38:14.873Z"}
{"level":"info","message":"eSocial Ambiente: 1","timestamp":"2026-08-31T19:38:14.874Z"}
{"level":"info","message":"GET /api/soc/diagnostico-codigo-agente-s2240/760 200 - 1058ms - ::1","timestamp":"2026-08-31T19:38:19.405Z"}
{"level":"info","message":"POST /api/soc/exporta-dados 502 - 275ms - ::1","timestamp":"2026-08-31T19:39:36.883Z"}
{"level":"info","message":"POST /api/soc/exporta-dados 502 - 540ms - ::1","timestamp":"2026-08-31T19:40:37.398Z"}
{"level":"info","message":"POST /api/soc/exporta-dados 502 - 245ms - ::1","timestamp":"2026-08-31T19:42:06.190Z"}
{"level":"info","message":"POST /api/soc/exporta-dados 200 - 1317ms - ::1","timestamp":"2026-08-31T19:43:12.541Z"}
{"level":"info","message":"POST /api/soc/exporta-dados 502 - 1ms - ::1","timestamp":"2026-08-31T19:44:09.021Z"}
{"level":"info","message":"POST /api/soc/exporta-dados 502 - 344ms - ::1","timestamp":"2026-08-31T19:55:30.652Z"}
{"level":"info","message":"SIGINT recebido. Encerrando servidor...","timestamp":"2026-08-31T20:02:01.362Z"}
{"level":"info","message":"Servidor rodando na porta 3002","timestamp":"2026-08-31T20:02:06.511Z"}
{"level":"info","message":"Ambiente: development","timestamp":"2026-08-31T20:02:06.515Z"}
{"level":"info","message":"eSocial Ambiente: 1","timestamp":"2026-08-31T20:02:06.516Z"}
{"level":"info","message":"POST /api/soc/reprocessar-dados-s2240/760 200 - 10560ms - ::1","timestamp":"2026-08-31T20:02:19.708Z"}
{"level":"info","message":"GET /api/soc/teste-xml-s2240/760 500 - 339ms - ::1","timestamp":"2026-08-31T20:02:47.651Z"}
{"level":"info","message":"POST /api/soc/exporta-dados 502 - 202ms - ::1","timestamp":"2026-08-31T20:03:43.773Z"}
{"level":"info","message":"POST /api/soc/exporta-dados 502 - 152ms - ::1","timestamp":"2026-08-31T20:04:21.382Z"}
{"level":"info","message":"POST /api/soc/exporta-dados 200 - 190ms - ::1","timestamp":"2026-08-31T20:04:41.644Z"}
{"level":"info","message":"POST /api/soc/exporta-dados 200 - 247ms - ::1","timestamp":"2026-08-31T20:06:03.100Z"}
{"level":"info","message":"POST /api/soc/exporta-dados 200 - 420ms - ::1","timestamp":"2026-08-31T20:07:51.439Z"}
{"level":"info","message":"SIGINT recebido. Encerrando servidor...","timestamp":"2026-08-31T20:20:13.683Z"}
{"level":"info","message":"Servidor rodando na porta 3002","timestamp":"2026-08-31T20:20:19.398Z"}
{"level":"info","message":"Ambiente: development","timestamp":"2026-08-31T20:20:19.401Z"}
{"level":"info","message":"eSocial Ambiente: 1","timestamp":"2026-08-31T20:20:19.402Z"}
{"level":"info","message":"POST /api/soc/reprocessar-dados-s2240/760 200 - 15463ms - ::1","timestamp":"2026-08-31T20:20:37.968Z"}
{"level":"info","message":"POST /api/soc/exporta-dados 200 - 177ms - ::1","timestamp":"2026-08-31T20:23:17.709Z"}
{"level":"info","message":"POST /api/soc/exporta-dados 200 - 262ms - ::1","timestamp":"2026-08-31T20:25:48.215Z"}
{"level":"info","message":"POST /api/soc/exporta-dados 200 - 346ms - ::1","timestamp":"2026-08-31T20:27:41.445Z"}
{"level":"info","message":"SIGINT recebido. Encerrando servidor...","timestamp":"2026-08-31T20:31:18.197Z"}
{"level":"info","message":"Servidor rodando na porta 3002","timestamp":"2026-08-31T20:31:25.004Z"}
{"level":"info","message":"Ambiente: development","timestamp":"2026-08-31T20:31:25.007Z"}
{"level":"info","message":"eSocial Ambiente: 1","timestamp":"2026-08-31T20:31:25.008Z"}
{"level":"info","message":"POST /api/soc/reprocessar-dados-s2240/760 200 - 7997ms - ::1","timestamp":"2026-08-31T20:31:51.517Z"}
{"level":"info","message":"SIGINT recebido. Encerrando servidor...","timestamp":"2026-08-31T20:36:34.715Z"}
{"level":"info","message":"Servidor rodando na porta 3002","timestamp":"2026-08-31T20:36:39.217Z"}
{"level":"info","message":"Ambiente: development","timestamp":"2026-08-31T20:36:39.221Z"}
{"level":"info","message":"eSocial Ambiente: 1","timestamp":"2026-08-31T20:36:39.222Z"}
{"level":"info","message":"POST /api/soc/reprocessar-dados-s2240/760 200 - 8577ms - ::1","timestamp":"2026-08-31T20:36:51.121Z"}
{"level":"info","message":"GET /api/soc/teste-xml-s2240/760 200 - 422ms - ::1","timestamp":"2026-08-31T20:37:16.496Z"}
{"level":"info","message":"Servidor rodando na porta 3002","timestamp":"2026-09-04T12:45:11.021Z"}
{"level":"info","message":"Ambiente: development","timestamp":"2026-09-04T12:45:11.032Z"}
{"level":"info","message":"eSocial Ambiente: 1","timestamp":"2026-09-04T12:45:11.033Z"}
{"level":"info","message":"GET /api/soc/eventos-salvos 200 - 9349ms - ::1","timestamp":"2026-09-04T12:45:30.037Z"}
{"level":"info","message":"GET /api/soc/status-integracao 200 - 406ms - ::1","timestamp":"2026-09-04T12:45:30.474Z"}
{"level":"info","message":"GET /api/soc/eventos-salvos 304 - 1470ms - ::1","timestamp":"2026-09-04T12:48:37.885Z"}
{"level":"info","message":"GET /api/soc/teste-xml-s2240/789 500 - 310ms - ::1","timestamp":"2026-09-04T12:48:38.220Z"}
{"level":"info","message":"POST /api/soc/reprocessar-dados-s2240/789 200 - 2226ms - ::1","timestamp":"2026-09-04T12:51:13.539Z"}
{"level":"info","message":"GET /api/soc/teste-xml-s2240/789 500 - 399ms - ::1","timestamp":"2026-09-04T12:51:13.947Z"}
{"level":"info","message":"GET /api/soc/eventos-salvos 200 - 1335ms - ::1","timestamp":"2026-09-04T12:52:28.141Z"}
{"level":"info","message":"GET /api/soc/eventos-salvos 304 - 1779ms - ::1","timestamp":"2026-09-04T12:56:24.280Z"}
{"level":"info","message":"SIGINT recebido. Encerrando servidor...","timestamp":"2026-09-04T12:57:18.692Z"}
{"level":"info","message":"Servidor rodando na porta 3002","timestamp":"2026-09-04T12:57:22.723Z"}
{"level":"info","message":"Ambiente: development","timestamp":"2026-09-04T12:57:22.727Z"}
{"level":"info","message":"eSocial Ambiente: 1","timestamp":"2026-09-04T12:57:22.727Z"}
{"level":"info","message":"GET /api/soc/eventos-salvos 304 - 1040ms - ::1","timestamp":"2026-09-04T12:57:35.438Z"}
{"level":"info","message":"GET /api/soc/status-integracao 304 - 372ms - ::1","timestamp":"2026-09-04T12:57:35.831Z"}
{"level":"info","message":"POST /api/soc/reprocessar-dados-s2240/789 200 - 4445ms - ::1","timestamp":"2026-09-04T12:57:42.365Z"}
{"level":"info","message":"GET /api/soc/teste-xml-s2240/789 500 - 311ms - ::1","timestamp":"2026-09-04T12:57:42.684Z"}
{"level":"info","message":"POST /api/soc/exporta-dados 502 - 2ms - ::1","timestamp":"2026-09-04T13:09:13.877Z"}
{"level":"info","message":"POST /api/soc/exporta-dados 502 - 284ms - ::1","timestamp":"2026-09-04T13:10:45.413Z"}
{"level":"info","message":"POST /api/soc/exporta-dados 502 - 425ms - ::1","timestamp":"2026-09-04T13:12:44.618Z"}
{"level":"info","message":"POST /api/soc/exporta-dados 502 - 210ms - ::1","timestamp":"2026-09-04T13:13:24.079Z"}
{"level":"info","message":"GET /api/soc/eventos-salvos 200 - 2189ms - ::1","timestamp":"2026-09-04T13:14:02.222Z"}
{"level":"info","message":"POST /api/soc/exporta-dados 200 - 429ms - ::1","timestamp":"2026-09-04T13:14:02.673Z"}
{"level":"info","message":"GET /api/soc/eventos-salvos 304 - 2114ms - ::1","timestamp":"2026-09-04T13:21:16.924Z"}
{"level":"info","message":"POST /api/soc/reprocessar-dados-s2240/760 200 - 13396ms - ::1","timestamp":"2026-09-04T13:21:30.343Z"}
{"level":"info","message":"GET /api/soc/teste-xml-s2240/760 200 - 833ms - ::1","timestamp":"2026-09-04T13:21:31.182Z"}
{"level":"info","message":"SIGINT recebido. Encerrando servidor...","timestamp":"2026-09-04T13:25:46.667Z"}
{"level":"info","message":"Servidor rodando na porta 3002","timestamp":"2026-09-04T13:33:12.802Z"}
{"level":"info","message":"Ambiente: development","timestamp":"2026-09-04T13:33:12.813Z"}
{"level":"info","message":"eSocial Ambiente: 1","timestamp":"2026-09-04T13:33:12.814Z"}
{"level":"info","message":"GET /api/soc/eventos-salvos 200 - 1381ms - ::1","timestamp":"2026-09-04T13:33:27.431Z"}
{"level":"info","message":"GET /api/soc/status-integracao 304 - 511ms - ::1","timestamp":"2026-09-04T13:33:27.970Z"}
{"level":"info","message":"GET /api/soc/teste-xml-s2240/760 200 - 588ms - ::1","timestamp":"2026-09-04T13:33:30.395Z"}
{"level":"info","message":"SIGINT recebido. Encerrando servidor...","timestamp":"2026-09-04T13:34:53.630Z"}
{"level":"info","message":"Servidor rodando na porta 3002","timestamp":"2026-09-04T13:35:00.428Z"}
{"level":"info","message":"Ambiente: development","timestamp":"2026-09-04T13:35:00.432Z"}
{"level":"info","message":"eSocial Ambiente: 1","timestamp":"2026-09-04T13:35:00.432Z"}
{"level":"info","message":"GET /api/soc/eventos-salvos 304 - 1075ms - ::1","timestamp":"2026-09-04T13:35:10.344Z"}
{"level":"info","message":"GET /api/soc/status-integracao 304 - 406ms - ::1","timestamp":"2026-09-04T13:35:10.780Z"}
{"level":"info","message":"GET /api/soc/teste-xml-s2240/760 200 - 899ms - ::1","timestamp":"2026-09-04T13:35:13.327Z"}
{"level":"info","message":"SIGINT recebido. Encerrando servidor...","timestamp":"2026-09-04T13:38:56.038Z"}
{"level":"info","message":"Servidor rodando na porta 3002","timestamp":"2026-09-04T13:39:05.892Z"}
{"level":"info","message":"Ambiente: development","timestamp":"2026-09-04T13:39:05.897Z"}
{"level":"info","message":"eSocial Ambiente: 1","timestamp":"2026-09-04T13:39:05.897Z"}
{"level":"info","message":"GET /api/soc/eventos-salvos 304 - 1233ms - ::1","timestamp":"2026-09-04T13:39:10.915Z"}
{"level":"info","message":"GET /api/soc/status-integracao 304 - 263ms - ::1","timestamp":"2026-09-04T13:39:11.203Z"}
{"level":"info","message":"POST /api/soc/enviar-evento-esocial/760 400 - 352ms - ::1","timestamp":"2026-09-04T13:39:12.843Z"}
{"level":"info","message":"SIGINT recebido. Encerrando servidor...","timestamp":"2026-09-04T13:39:37.734Z"}
{"level":"info","message":"Servidor rodando na porta 3002","timestamp":"2026-09-04T13:39:42.575Z"}
{"level":"info","message":"Ambiente: development","timestamp":"2026-09-04T13:39:42.578Z"}
{"level":"info","message":"eSocial Ambiente: 1","timestamp":"2026-09-04T13:39:42.578Z"}
{"level":"info","message":"GET /api/soc/eventos-salvos 304 - 957ms - ::1","timestamp":"2026-09-04T13:39:50.282Z"}
{"level":"info","message":"GET /api/soc/status-integracao 304 - 238ms - ::1","timestamp":"2026-09-04T13:39:50.538Z"}
{"level":"info","message":"POST /api/soc/enviar-evento-esocial/760 409 - 285ms - ::1","timestamp":"2026-09-04T13:39:52.664Z"}
{"level":"info","message":"SIGINT recebido. Encerrando servidor...","timestamp":"2026-09-04T13:41:05.033Z"}
{"level":"info","message":"Servidor rodando na porta 3002","timestamp":"2026-09-04T13:41:10.203Z"}
{"level":"info","message":"Ambiente: development","timestamp":"2026-09-04T13:41:10.206Z"}
{"level":"info","message":"eSocial Ambiente: 1","timestamp":"2026-09-04T13:41:10.207Z"}
{"level":"info","message":"GET /api/soc/eventos-salvos 304 - 1059ms - ::1","timestamp":"2026-09-04T13:41:20.803Z"}
{"level":"info","message":"GET /api/soc/status-integracao 304 - 267ms - ::1","timestamp":"2026-09-04T13:41:21.094Z"}
{"level":"info","message":"POST /api/soc/enviar-evento-esocial/760 409 - 379ms - ::1","timestamp":"2026-09-04T13:41:22.800Z"}
{"level":"info","message":"SIGINT recebido. Encerrando servidor...","timestamp":"2026-09-04T13:42:10.948Z"}
{"level":"info","message":"Servidor rodando na porta 3002","timestamp":"2026-09-04T13:42:28.343Z"}
{"level":"info","message":"Ambiente: development","timestamp":"2026-09-04T13:42:28.347Z"}
{"level":"info","message":"eSocial Ambiente: 2","timestamp":"2026-09-04T13:42:28.347Z"}
{"level":"info","message":"GET /api/soc/eventos-salvos 304 - 1015ms - ::1","timestamp":"2026-09-04T13:42:36.316Z"}
{"level":"info","message":"GET /api/soc/status-integracao 304 - 359ms - ::1","timestamp":"2026-09-04T13:42:36.697Z"}
{"level":"info","message":"POST /api/soc/enviar-evento-esocial/760 502 - 1356ms - ::1","timestamp":"2026-09-04T13:42:39.588Z"}
{"level":"info","message":"SIGINT recebido. Encerrando servidor...","timestamp":"2026-09-04T13:45:44.835Z"}
{"level":"info","message":"Servidor rodando na porta 3002","timestamp":"2026-09-04T13:45:54.152Z"}
{"level":"info","message":"Ambiente: development","timestamp":"2026-09-04T13:45:54.155Z"}
{"level":"info","message":"eSocial Ambiente: 2","timestamp":"2026-09-04T13:45:54.156Z"}
{"level":"info","message":"GET /api/soc/eventos-salvos 200 - 1238ms - ::1","timestamp":"2026-09-04T13:46:13.850Z"}
{"level":"info","message":"GET /api/soc/status-integracao 304 - 354ms - ::1","timestamp":"2026-09-04T13:46:14.234Z"}
{"level":"info","message":"POST /api/soc/enviar-evento-esocial/760 200 - 1899ms - ::1","timestamp":"2026-09-04T13:46:17.814Z"}
{"level":"info","message":"POST /api/soc/consultar-lote-esocial/760 422 - 2478ms - ::1","timestamp":"2026-09-04T13:47:11.662Z"}
{"level":"info","message":"GET /api/soc/eventos-salvos 200 - 640ms - ::1","timestamp":"2026-09-04T13:52:37.106Z"}
{"level":"info","message":"GET /api/soc/status-integracao 304 - 240ms - ::1","timestamp":"2026-09-04T13:52:37.352Z"}
{"level":"info","message":"POST /api/soc/buscar-dados-esocial 200 - 140799ms - ::1","timestamp":"2026-09-04T13:55:12.767Z"}
{"level":"info","message":"GET /api/soc/eventos-salvos 200 - 1237ms - ::1","timestamp":"2026-09-04T13:55:14.032Z"}
{"level":"info","message":"SIGINT recebido. Encerrando servidor...","timestamp":"2026-09-04T13:55:58.664Z"}
{"level":"info","message":"Servidor rodando na porta 3002","timestamp":"2026-09-04T13:56:05.422Z"}
{"level":"info","message":"Ambiente: development","timestamp":"2026-09-04T13:56:05.426Z"}
{"level":"info","message":"eSocial Ambiente: 2","timestamp":"2026-09-04T13:56:05.426Z"}
{"level":"info","message":"GET /api/soc/eventos-salvos 304 - 1272ms - ::1","timestamp":"2026-09-04T13:56:14.872Z"}
{"level":"info","message":"GET /api/soc/status-integracao 304 - 423ms - ::1","timestamp":"2026-09-04T13:56:15.324Z"}
{"level":"info","message":"GET /api/soc/eventos-salvos 304 - 1268ms - ::1","timestamp":"2026-09-04T13:56:33.497Z"}
{"level":"info","message":"GET /api/soc/status-integracao 304 - 170ms - ::1","timestamp":"2026-09-04T13:56:33.688Z"}
{"level":"info","message":"POST /api/soc/buscar-dados-esocial 200 - 30282ms - ::1","timestamp":"2026-09-04T14:03:55.209Z"}
{"level":"info","message":"GET /api/soc/eventos-salvos 200 - 1388ms - ::1","timestamp":"2026-09-04T14:03:56.604Z"}
{"level":"info","message":"GET /api/soc/eventos-salvos?dataInicio=2026-09-01&dataFim=2026-09-03 200 - 752ms - ::1","timestamp":"2026-09-04T14:04:11.486Z"}
{"level":"info","message":"GET /api/soc/eventos-salvos?dataInicio=2026-08-01&dataFim=2026-08-31 200 - 1803ms - ::1","timestamp":"2026-09-04T14:06:15.143Z"}
{"level":"info","message":"POST /api/soc/enviar-evento-esocial/841 200 - 2312ms - ::1","timestamp":"2026-09-04T14:09:13.052Z"}
{"level":"info","message":"POST /api/soc/consultar-lote-esocial/841 422 - 720ms - ::1","timestamp":"2026-09-04T14:09:18.789Z"}
{"level":"info","message":"GET /api/soc/eventos-salvos 200 - 1371ms - ::1","timestamp":"2026-09-04T14:09:20.168Z"}
{"level":"info","message":"POST /api/soc/consultar-lote-esocial/841 422 - 1224ms - ::1","timestamp":"2026-09-04T14:10:53.916Z"}
{"level":"info","message":"SIGINT recebido. Encerrando servidor...","timestamp":"2026-09-04T14:13:19.668Z"}
{"level":"info","message":"Servidor rodando na porta 3002","timestamp":"2026-09-04T14:13:24.578Z"}
{"level":"info","message":"Ambiente: development","timestamp":"2026-09-04T14:13:24.582Z"}
{"level":"info","message":"eSocial Ambiente: 1","timestamp":"2026-09-04T14:13:24.583Z"}
{"level":"info","message":"GET /api/soc/eventos-salvos 200 - 1496ms - ::1","timestamp":"2026-09-04T14:13:30.451Z"}
{"level":"info","message":"GET /api/soc/status-integracao 304 - 229ms - ::1","timestamp":"2026-09-04T14:13:30.710Z"}
{"level":"info","message":"POST /api/soc/enviar-evento-esocial/841 200 - 1730ms - ::1","timestamp":"2026-09-04T14:13:37.268Z"}
{"level":"info","message":"POST /api/soc/consultar-lote-esocial/841 422 - 752ms - ::1","timestamp":"2026-09-04T14:13:43.038Z"}
{"level":"info","message":"GET /api/soc/eventos-salvos 200 - 1426ms - ::1","timestamp":"2026-09-04T14:13:44.470Z"}
{"level":"info","message":"POST /api/soc/consultar-lote-esocial/841 422 - 872ms - ::1","timestamp":"2026-09-04T14:14:30.102Z"}
{"level":"info","message":"SIGINT recebido. Encerrando servidor...","timestamp":"2026-09-04T14:31:07.225Z"}
{"level":"info","message":"Servidor rodando na porta 3002","timestamp":"2026-09-04T14:31:13.181Z"}
{"level":"info","message":"Ambiente: development","timestamp":"2026-09-04T14:31:13.184Z"}
{"level":"info","message":"eSocial Ambiente: 1","timestamp":"2026-09-04T14:31:13.185Z"}
{"level":"info","message":"GET /api/soc/eventos-salvos 200 - 1910ms - ::1","timestamp":"2026-09-04T14:31:31.027Z"}
{"level":"info","message":"GET /api/soc/status-integracao 304 - 281ms - ::1","timestamp":"2026-09-04T14:31:31.339Z"}
{"level":"info","message":"GET /api/soc/eventos-salvos 304 - 1687ms - ::1","timestamp":"2026-09-04T14:35:31.827Z"}
{"level":"info","message":"GET /api/soc/status-integracao 304 - 214ms - ::1","timestamp":"2026-09-04T14:35:32.072Z"}
{"level":"info","message":"SIGINT recebido. Encerrando servidor...","timestamp":"2026-09-04T14:35:38.845Z"}
{"level":"info","message":"Servidor rodando na porta 3002","timestamp":"2026-09-04T14:35:46.719Z"}
{"level":"info","message":"Ambiente: development","timestamp":"2026-09-04T14:35:46.723Z"}
{"level":"info","message":"eSocial Ambiente: 1","timestamp":"2026-09-04T14:35:46.724Z"}
{"level":"info","message":"GET /api/soc/eventos-salvos 304 - 1709ms - ::1","timestamp":"2026-09-04T14:35:52.789Z"}
{"level":"info","message":"GET /api/soc/status-integracao 304 - 265ms - ::1","timestamp":"2026-09-04T14:35:53.077Z"}
{"level":"info","message":"SIGINT recebido. Encerrando servidor...","timestamp":"2026-09-04T14:37:58.256Z"}
{"level":"info","message":"Servidor rodando na porta 3002","timestamp":"2026-09-04T14:38:03.538Z"}
{"level":"info","message":"Ambiente: development","timestamp":"2026-09-04T14:38:03.542Z"}
{"level":"info","message":"eSocial Ambiente: 1","timestamp":"2026-09-04T14:38:03.542Z"}
{"level":"info","message":"GET /api/soc/eventos-salvos 304 - 1539ms - ::1","timestamp":"2026-09-04T14:38:12.840Z"}
{"level":"info","message":"GET /api/soc/status-integracao 304 - 282ms - ::1","timestamp":"2026-09-04T14:38:13.145Z"}
{"level":"info","message":"GET /api/soc/eventos-salvos 304 - 1869ms - ::1","timestamp":"2026-09-04T14:44:56.843Z"}
{"level":"info","message":"GET /api/soc/status-integracao 304 - 209ms - ::1","timestamp":"2026-09-04T14:44:57.083Z"}
{"level":"info","message":"POST /api/soc/sincronizar-esocial-existente/841 422 - 1010ms - ::1","timestamp":"2026-09-04T14:45:03.673Z"}
{"level":"info","message":"SIGINT recebido. Encerrando servidor...","timestamp":"2026-09-04T15:38:16.216Z"}
{"level":"info","message":"Servidor rodando na porta 3002","timestamp":"2026-09-04T15:38:21.718Z"}
{"level":"info","message":"Ambiente: development","timestamp":"2026-09-04T15:38:21.722Z"}
{"level":"info","message":"eSocial Ambiente: 1","timestamp":"2026-09-04T15:38:21.723Z"}
{"level":"info","message":"GET /api/soc/teste-portal-esocial/21264193718 200 - 1290ms - ::1","timestamp":"2026-09-04T15:40:53.873Z"}
{"level":"info","message":"GET /favicon.ico 404 - 4ms - ::1","timestamp":"2026-09-04T15:40:53.982Z"}
{"level":"info","message":"SIGINT recebido. Encerrando servidor...","timestamp":"2026-09-04T16:05:54.038Z"}
{"level":"info","message":"Servidor rodando na porta 3002","timestamp":"2026-09-04T16:05:58.996Z"}
{"level":"info","message":"Ambiente: development","timestamp":"2026-09-04T16:05:58.999Z"}
{"level":"info","message":"eSocial Ambiente: 1","timestamp":"2026-09-04T16:05:58.999Z"}
{"level":"info","message":"GET /api/soc/matriculas-esocial/status 200 - 819ms - ::1","timestamp":"2026-09-04T16:06:07.100Z"}
{"level":"info","message":"POST /api/soc/matriculas-esocial/semear-fila 200 - 39151ms - ::1","timestamp":"2026-09-04T16:11:29.340Z"}
{"level":"info","message":"GET /api/soc/matriculas-esocial/status 200 - 318ms - ::1","timestamp":"2026-09-04T16:11:51.218Z"}
{"level":"info","message":"POST /api/soc/matriculas-esocial/processar-fila 200 - 1ms - ::1","timestamp":"2026-09-04T16:12:55.301Z"}
{"level":"info","message":"SIGINT recebido. Encerrando servidor...","timestamp":"2026-09-04T16:17:27.339Z"}
{"level":"info","message":"Servidor rodando na porta 3002","timestamp":"2026-09-04T16:17:32.071Z"}
{"level":"info","message":"Ambiente: development","timestamp":"2026-09-04T16:17:32.075Z"}
{"level":"info","message":"eSocial Ambiente: 1","timestamp":"2026-09-04T16:17:32.075Z"}
{"level":"info","message":"POST /api/soc/matriculas-esocial/semear-fila 200 - 74008ms - ::1","timestamp":"2026-09-04T16:18:53.112Z"}
{"level":"info","message":"SIGINT recebido. Encerrando servidor...","timestamp":"2026-09-04T16:23:57.027Z"}
{"level":"info","message":"Servidor rodando na porta 3002","timestamp":"2026-09-04T16:24:01.900Z"}
{"level":"info","message":"Ambiente: development","timestamp":"2026-09-04T16:24:01.902Z"}
{"level":"info","message":"eSocial Ambiente: 1","timestamp":"2026-09-04T16:24:01.903Z"}
{"level":"info","message":"GET /api/soc/auto-envio-esocial/status 200 - 1632ms - ::1","timestamp":"2026-09-04T16:24:06.752Z"}
{"level":"info","message":"SIGINT recebido. Encerrando servidor...","timestamp":"2026-09-04T16:26:08.965Z"}
{"level":"info","message":"Servidor rodando na porta 3002","timestamp":"2026-09-04T16:26:11.968Z"}
{"level":"info","message":"Ambiente: development","timestamp":"2026-09-04T16:26:11.971Z"}
{"level":"info","message":"eSocial Ambiente: 2","timestamp":"2026-09-04T16:26:11.972Z"}
{"level":"info","message":"GET /api/soc/auto-envio-esocial/status 200 - 1084ms - ::1","timestamp":"2026-09-04T16:26:19.820Z"}
{"level":"info","message":"POST /api/soc/consultar-lote-esocial/841 422 - 1571ms - ::1","timestamp":"2026-09-04T16:29:41.135Z"}
{"level":"info","message":"POST /api/soc/matriculas-esocial/semear-fila 200 - 56212ms - ::1","timestamp":"2026-09-04T16:33:22.847Z"}
{"level":"info","message":"GET /api/soc/auto-envio-esocial/status 200 - 950ms - ::1","timestamp":"2026-09-04T16:34:15.584Z"}
{"level":"info","message":"POST /api/soc/enviar-evento-esocial/841 200 - 1357ms - ::1","timestamp":"2026-09-04T16:35:06.185Z"}
{"level":"info","message":"POST /api/soc/consultar-lote-esocial/841 422 - 779ms - ::1","timestamp":"2026-09-04T16:36:10.121Z"}
{"level":"info","message":"SIGINT recebido. Encerrando servidor...","timestamp":"2026-09-04T16:38:18.736Z"}
{"level":"info","message":"Servidor rodando na porta 3002","timestamp":"2026-09-04T16:38:24.362Z"}
{"level":"info","message":"Ambiente: development","timestamp":"2026-09-04T16:38:24.365Z"}
{"level":"info","message":"eSocial Ambiente: 1","timestamp":"2026-09-04T16:38:24.366Z"}
{"level":"info","message":"GET /api/soc/auto-envio-esocial/status 200 - 1057ms - ::1","timestamp":"2026-09-04T16:38:36.452Z"}
{"level":"info","message":"POST /api/soc/enviar-evento-esocial/841 200 - 1121ms - ::1","timestamp":"2026-09-04T16:39:16.129Z"}
{"level":"info","message":"POST /api/soc/consultar-lote-esocial/841 200 - 943ms - ::1","timestamp":"2026-09-04T16:40:27.796Z"}
{"level":"info","message":"SIGINT recebido. Encerrando servidor...","timestamp":"2026-09-04T16:44:57.341Z"}
{"level":"info","message":"Servidor rodando na porta 3002","timestamp":"2026-09-04T16:45:01.940Z"}
{"level":"info","message":"Ambiente: development","timestamp":"2026-09-04T16:45:01.942Z"}
{"level":"info","message":"eSocial Ambiente: 1","timestamp":"2026-09-04T16:45:01.942Z"}
{"level":"info","message":"GET /api/soc/auto-envio-esocial/status 200 - 2120ms - ::1","timestamp":"2026-09-04T16:45:15.239Z"}
{"level":"info","message":"SIGINT recebido. Encerrando servidor...","timestamp":"2026-09-04T16:47:37.952Z"}
{"level":"info","message":"Servidor rodando na porta 3002","timestamp":"2026-09-04T16:47:50.908Z"}
{"level":"info","message":"Ambiente: development","timestamp":"2026-09-04T16:47:50.911Z"}
{"level":"info","message":"eSocial Ambiente: 1","timestamp":"2026-09-04T16:47:50.911Z"}
{"level":"info","message":"GET /api/soc/auto-envio-esocial/status 200 - 1633ms - ::1","timestamp":"2026-09-04T16:47:56.211Z"}
{"level":"info","message":"GET /api/soc/eventos-salvos 200 - 1692ms - ::1","timestamp":"2026-09-04T16:49:44.825Z"}
{"level":"info","message":"GET /api/soc/status-integracao 304 - 287ms - ::1","timestamp":"2026-09-04T16:49:45.146Z"}
{"level":"info","message":"POST /api/soc/reprocessar-dados-s2240/842 200 - 8463ms - ::1","timestamp":"2026-09-04T16:57:40.299Z"}
{"level":"info","message":"SIGINT recebido. Encerrando servidor...","timestamp":"2026-09-04T17:02:52.719Z"}
{"level":"info","message":"Servidor rodando na porta 3002","timestamp":"2026-09-04T17:02:57.628Z"}
{"level":"info","message":"Ambiente: development","timestamp":"2026-09-04T17:02:57.631Z"}
{"level":"info","message":"eSocial Ambiente: 1","timestamp":"2026-09-04T17:02:57.631Z"}
{"level":"info","message":"POST /api/soc/reprocessar-dados-s2240/842 200 - 8538ms - ::1","timestamp":"2026-09-04T17:03:09.175Z"}
{"level":"info","message":"GET /api/soc/teste-xml-s2240/842 500 - 333ms - ::1","timestamp":"2026-09-04T17:03:55.548Z"}
{"level":"info","message":"GET /api/soc/eventos-salvos 200 - 1741ms - ::1","timestamp":"2026-09-04T17:06:19.589Z"}
{"level":"info","message":"GET /api/soc/status-integracao 304 - 582ms - ::1","timestamp":"2026-09-04T17:06:20.209Z"}
{"level":"info","message":"GET /api/soc/eventos-salvos 200 - 1347ms - ::1","timestamp":"2026-09-04T17:09:32.344Z"}
{"level":"info","message":"GET /api/soc/status-integracao 304 - 220ms - ::1","timestamp":"2026-09-04T17:09:32.587Z"}
{"level":"info","message":"GET /api/soc/eventos-salvos 304 - 1471ms - ::1","timestamp":"2026-09-04T17:11:11.153Z"}
{"level":"info","message":"GET /api/soc/status-integracao 304 - 205ms - ::1","timestamp":"2026-09-04T17:11:11.382Z"}
{"level":"info","message":"Servidor rodando na porta 3002","timestamp":"2026-09-04T18:46:23.641Z"}
{"level":"info","message":"Ambiente: development","timestamp":"2026-09-04T18:46:23.644Z"}
{"level":"info","message":"eSocial Ambiente: 1","timestamp":"2026-09-04T18:46:23.645Z"}
{"level":"info","message":"GET /api/soc/eventos-salvos 304 - 1473ms - ::1","timestamp":"2026-09-04T18:47:12.013Z"}
{"level":"info","message":"GET /api/soc/status-integracao 304 - 317ms - ::1","timestamp":"2026-09-04T18:47:12.379Z"}
{"level":"info","message":"SIGINT recebido. Encerrando servidor...","timestamp":"2026-09-04T18:54:02.021Z"}
{"level":"info","message":"Servidor rodando na porta 3002","timestamp":"2026-09-04T18:54:12.373Z"}
{"level":"info","message":"Ambiente: development","timestamp":"2026-09-04T18:54:12.377Z"}
{"level":"info","message":"eSocial Ambiente: 1","timestamp":"2026-09-04T18:54:12.378Z"}
{"level":"info","message":"GET / 200 - 10ms - ::1","timestamp":"2026-09-04T18:56:18.652Z"}
{"level":"info","message":"GET /favicon.png 200 - 13ms - ::1","timestamp":"2026-09-04T18:56:18.729Z"}
{"level":"info","message":"GET /esocial.js 200 - 5ms - ::1","timestamp":"2026-09-04T18:56:18.753Z"}
{"level":"info","message":"GET /app.js 200 - 99ms - ::1","timestamp":"2026-09-04T18:56:18.846Z"}
{"level":"info","message":"GET /favicon2.png 200 - 19ms - ::1","timestamp":"2026-09-04T18:56:18.932Z"}
{"level":"info","message":"GET /favicon.png 304 - 1ms - ::1","timestamp":"2026-09-04T18:56:19.123Z"}
{"level":"info","message":"GET /api/soc/eventos-salvos 200 - 1698ms - ::1","timestamp":"2026-09-04T18:57:52.964Z"}
{"level":"info","message":"GET /api/soc/status-integracao 200 - 358ms - ::1","timestamp":"2026-09-04T18:57:53.362Z"}
